Report ID:  SR201,Loyola University Chicago,Page No.,1,of,32
Schedule of Classes for Fall 2017,Run Date:,03/17/2017
Campus: Lake Shore Campus   Location: Lake Shore Campus,Run Time:,19:40:27
Regular Academic Session
College of Arts and Sciences - Computer Science - Subject: Computer Science

____________________________________________________________________________________________________________________________________________________________,Subject,Catalog Nbr,Section,Class Nbr,Course Title,Component,Units,Topics
COMP, 111,01W,4091,History of Computing,Lecture,3,,
,,,,,,(Blended)
Bldg:,Life Science Buildin,Room:,412,Days:,MWF,Time:,12:35PM-01:25,Instructor:,"Thiruvathukal,George"
Class Enrl Cap:,22,Class Enrl Tot:,0,Class Wait Cap:,0,Class Wait Tot:,0,Class Min Enrl:,0
Room Characteristics:,Electronic Classroom(1)
,,,,
*This is a writing intensive course.*



This course is restricted to undergraduate students.  Graduate students wishing to enroll in a section of this course should contact their departmental
graduate advisor.
____________________________________________________________________________________________________________________________________________________________,
COMP, 122,001,4796,Introduction to Digital Music,Lecture,3,,
,,,,,,(In person)
Bldg:,Mundelein Center,Room:,1017,Days:,MWF,Time:,12:35PM-01:25,Instructor:,"Wetzel,David"
Class Enrl Cap:,16,Class Enrl Tot:,0,Class Wait Cap:,0,Class Wait Tot:,0,Class Min Enrl:,0
Class Equivalents:,X-COMP 122/MUSC 122
Room Characteristics:,Music Room(1)
Combined Section ID:,1838(X- COMP 122-001/MUSC 122-001), -,MUSC 122(#5071)
____________________________________________________________________________________________________________________________________________________________,
COMP, 125,001,3245,Visual Information Processing,Laboratory,3,,
,,,,,,(In person)
Bldg:,Crown Center,Room:,105,Days:,MWF,Time:,10:25AM-11:15,Instructor:,"Wetzel,David"
Class Enrl Cap:,30,Class Enrl Tot:,0,Class Wait Cap:,0,Class Wait Tot:,0,Class Min Enrl:,0
Attributes:,Quantitative Knowledge
Room Characteristics:,Lab - Computer(1)

This course is restricted to undergraduate students.  Graduate students wishing to enroll in a section of this course should contact their departmental
graduate advisor.
____________________________________________________________________________________________________________________________________________________________,
COMP, 150,001,3246,Introduction to Computing,Lecture,3,,
,,,,,,(In person)
Bldg:,Crown Center,Room:,105,Days:,TuTh,Time:,08:30AM-09:45,Instructor:,"Putonti,Catherine"
Class Enrl Cap:,25,Class Enrl Tot:,0,Class Wait Cap:,0,Class Wait Tot:,0,Class Min Enrl:,0
Attributes:,Quantitative Knowledge
Class Equivalents:,ACCOMP 150/COMP 150
Room Characteristics:,Electronic Classroom(1)
,,,,
This course is restricted to undergraduate students.  Graduate students wishing to enroll in a section of this course should contact their departmental
graduate advisor.
____________________________________________________________________________________________________________________________________________________________,
,,,,,,,,
Report ID:  SR201,Loyola University Chicago,Page No.,2,of,32
Schedule of Classes for Fall 2017,Run Date:,03/17/2017
Campus: Lake Shore Campus   Location: Lake Shore Campus,Run Time:,19:40:27
Regular Academic Session
College of Arts and Sciences - Computer Science - Subject: Computer Science

____________________________________________________________________________________________________________________________________________________________,Subject,Catalog Nbr,Section,Class Nbr,Course Title,Component,Units,Topics
COMP, 150,002,3247,Introduction to Computing,Lecture,3,,
,,,,,,(In person)
Bldg:,Sullivan Center,Room:,253,Days:,MW,Time:,04:15PM-05:30,Instructor:
Class Enrl Cap:,24,Class Enrl Tot:,0,Class Wait Cap:,0,Class Wait Tot:,0,Class Min Enrl:,0
Attributes:,Quantitative Knowledge
Class Equivalents:,ACCOMP 150/COMP 150
Room Characteristics:,Lab - Computer(1)

This course is restricted to undergraduate students.  Graduate students wishing to enroll in a section of this course should contact their departmental
graduate advisor.
____________________________________________________________________________________________________________________________________________________________,
COMP, 150,003,3248,Introduction to Computing,Lecture,3,,
,,,,,,(In person)
Bldg:,Crown Center,Room:,105,Days:,MWF,Time:,11:30AM-12:20,Instructor:,"Naiman,Channah"
Class Enrl Cap:,25,Class Enrl Tot:,0,Class Wait Cap:,0,Class Wait Tot:,0,Class Min Enrl:,0
Attributes:,Quantitative Knowledge
Class Equivalents:,ACCOMP 150/COMP 150
Room Characteristics:,Lab - Computer(1)

This course is restricted to undergraduate students.  Graduate students wishing to enroll in a section of this course should contact their departmental
graduate advisor.
____________________________________________________________________________________________________________________________________________________________,
COMP, 163,001,3249,Discrete Structures,Lecture,3,,
,,,,,,(In person)
Bldg:,Mundelein Center,Room:,0608,Days:,MW,Time:,02:45PM-04:00,Instructor:,"Tuckey,Curtis D"
Class Enrl Cap:,25,Class Enrl Tot:,0,Class Wait Cap:,0,Class Wait Tot:,0,Class Min Enrl:,0
Attributes:,"Quantitative Knowledge, Bioinformatics"
Class Equivalents:,COMP211/COMP163
Room Characteristics:,Electronic Classroom(1)
,,,,
This course is primarily intended to serve certain majors and minors.  Students wishing to satisfy Core requirements in the Quantitative Analysis knowledge
area are encouraged to enroll in COMP 125 or COMP 150 instead.  This course is restricted to undergraduate students.  Graduate students wishing to enroll in
a section of this course should contact their departmental graduate advisor.
____________________________________________________________________________________________________________________________________________________________,
COMP, 163,002,3514,Discrete Structures,Lecture,3,,
,,,,,,(In person)
Bldg:,Dumbach Hall,Room:,231,Days:,MW,Time:,04:15PM-05:30,Instructor:,"Tuckey,Curtis D"
Class Enrl Cap:,25,Class Enrl Tot:,0,Class Wait Cap:,0,Class Wait Tot:,0,Class Min Enrl:,0
Attributes:,"Quantitative Knowledge, Bioinformatics"
Class Equivalents:,COMP211/COMP163
Room Characteristics:,Electronic Classroom(1)
,,,,
This course is primarily intended to serve certain majors and minors.  Students wishing to satisfy Core requirements in the Quantitative Analysis knowledge
area are encouraged to enroll in COMP 125 or COMP 150 instead.  This course is restricted to undergraduate students.  Graduate students wishing to enroll in
a section of this course should contact their departmental graduate advisor.
____________________________________________________________________________________________________________________________________________________________,
COMP, 163,003,5993,Discrete Structures,Lecture,3,,
,,,,,,(In person)
Bldg:,Mundelein Center,Room:,0605,Days:,TuTh,Time:,01:00PM-02:15,Instructor:,"Sekharan,Chandra N"
Class Enrl Cap:,25,Class Enrl Tot:,0,Class Wait Cap:,0,Class Wait Tot:,0,Class Min Enrl:,0
Attributes:,"Quantitative Knowledge, Bioinformatics"
Class Equivalents:,COMP211/COMP163
Room Characteristics:,Electronic Classroom(1)
,,,,
This course is primarily intended to serve certain majors and minors.  Students wishing to satisfy Core requirements in the Quantitative Analysis knowledge
area are encouraged to enroll in COMP 125 or COMP 150 instead.  This course is restricted to undergraduate students.  Graduate students wishing to enroll in
a section of this course should contact their departmental graduate advisor.
____________________________________________________________________________________________________________________________________________________________,
COMP, 170,001,3250,Intro Obj-Oriented Prog,Lecture,3,,
,,,,,,(Blended)
Bldg:,Crown Center,Room:,105,Days:,TuTh,Time:,10:00AM-11:15,Instructor:,"Yacobellis,Robert"
Class Enrl Cap:,25,Class Enrl Tot:,0,Class Wait Cap:,0,Class Wait Tot:,0,Class Min Enrl:,0
Attributes:,Bioinformatics
Class Equivalents:,COMP170/ISOM/INFS370
Room Characteristics:,Lab - Computer(1)

This course is restricted to undergraduate students in the College of Arts and Sciences.  Students from other schools specifically wishing to enroll in COMP
170 should contact the Computer Science Department to request an enrollment override.  Graduate students wishing to enroll in a section of this course
should contact their departmental graduate advisor.
____________________________________________________________________________________________________________________________________________________________,
COMP, 170,002,3251,Intro Obj-Oriented Prog,Lecture,3,,
,,,,,,(In person)
Bldg:,Crown Center,Room:,103,Days:,TuTh,Time:,02:30PM-04:05,Instructor:,"Dligach,Dmitriy"
Class Enrl Cap:,25,Class Enrl Tot:,0,Class Wait Cap:,0,Class Wait Tot:,0,Class Min Enrl:,0
Attributes:,Bioinformatics
Class Equivalents:,COMP170/ISOM/INFS370
Room Characteristics:,Lab - Computer(1)

This course is restricted to undergraduate students in the College of Arts and Sciences.  Students from other schools specifically wishing to enroll in COMP
170 should contact the Computer Science Department to request an enrollment override.  Graduate students wishing to enroll in a section of this course
should contact their departmental graduate advisor.
____________________________________________________________________________________________________________________________________________________________,
COMP, 170,003,3626,Intro Obj-Oriented Prog,Lecture,3,,
,,,,,,(In person)
Bldg:,Crown Center,Room:,103,Days:,MW,Time:,09:20AM-11:15,Instructor:,"Honig,William"
Class Enrl Cap:,25,Class Enrl Tot:,0,Class Wait Cap:,0,Class Wait Tot:,0,Class Min Enrl:,0
Attributes:,Bioinformatics
Class Equivalents:,COMP170/ISOM/INFS370
Room Characteristics:,Lab - Computer(1)

This course is restricted to undergraduate students in the College of Arts and Sciences.  Students from other schools specifically wishing to enroll in COMP
170 should contact the Computer Science Department to request an enrollment override.  Graduate students wishing to enroll in a section of this course
should contact their departmental graduate advisor.
____________________________________________________________________________________________________________________________________________________________,
,,,,,,,,
Report ID:  SR201,Loyola University Chicago,Page No.,4,of,32
Schedule of Classes for Fall 2017,Run Date:,03/17/2017
Campus: Lake Shore Campus   Location: Lake Shore Campus,Run Time:,19:40:27
Regular Academic Session
College of Arts and Sciences - Computer Science - Subject: Computer Science

____________________________________________________________________________________________________________________________________________________________,Subject,Catalog Nbr,Section,Class Nbr,Course Title,Component,Units,Topics
COMP, 170,004,3860,Intro Obj-Oriented Prog,Lecture,3,,
,,,,,,(In person)
Bldg:,Crown Center,Room:,103,Days:,F,Time:,10:25AM-11:15,Instructor:,"Honig,William"
Bldg:,Crown Center,Room:,103,Days:,MWF,Time:,11:30AM-12:20,Instructor:,"Honig,William"
Class Enrl Cap:,25,Class Enrl Tot:,0,Class Wait Cap:,0,Class Wait Tot:,0,Class Min Enrl:,0
Attributes:,Bioinformatics
Class Equivalents:,COMP170/ISOM/INFS370
Room Characteristics:,Lab - Computer(1)
Combined Section ID:,1892(COMP 170-004-COMP 170-04L), -,COMP 170(#6201)

This course is restricted to undergraduate students in the College of Arts and Sciences.  Students from other schools specifically wishing to enroll in COMP
170 should contact the Computer Science Department to request an enrollment override.  Graduate students wishing to enroll in a section of this course
should contact their departmental graduate advisor.



Students enrolled in COMP 170-004 (Lecture) will be automatically enrolled in COMP 170-04L (Lab).
____________________________________________________________________________________________________________________________________________________________,
COMP, 170,04L,6201,Intro Obj-Oriented Prog,Laboratory,3,,
,,,,,,(In person)
Bldg:,Crown Center,Room:,103,Days:,F,Time:,10:25AM-11:15,Instructor:,"Honig,William"
Bldg:,Crown Center,Room:,103,Days:,MWF,Time:,11:30AM-12:20,Instructor:,"Honig,William"
Class Enrl Cap:,25,Class Enrl Tot:,0,Class Wait Cap:,0,Class Wait Tot:,0,Class Min Enrl:,0
Attributes:,Bioinformatics
Class Equivalents:,COMP170/ISOM/INFS370
Room Characteristics:,Lab - Computer(1)
Combined Section ID:,1892(COMP 170-004-COMP 170-04L), -,COMP 170(#3860)

This course is restricted to undergraduate students in the College of Arts and Sciences.  Students from other schools specifically wishing to enroll in COMP
170 should contact the Computer Science Department to request an enrollment override.  Graduate students wishing to enroll in a section of this course
should contact their departmental graduate advisor.



Students enrolled in COMP 170-004 (Lecture) will be automatically enrolled in COMP 170-04L (Lab).
____________________________________________________________________________________________________________________________________________________________,
COMP, 215,001,3274,Object-Oriented Prog-Math,Lecture,3,,
,,,,,,(In person)
Bldg:,Crown Center,Room:,103,Days:,MWF,Time:,02:45PM-03:35,Instructor:,"Lauve,Aaron"
Class Enrl Cap:,1,Class Enrl Tot:,0,Class Wait Cap:,0,Class Wait Tot:,0,Class Min Enrl:,0
Class Equivalents:,X-COMP215/MATH215
Room Characteristics:,Lab - Computer(1)
Combined Section ID:,0011(X-COMP215-001/MATH215-001), -,MATH 215(#3273)

COMP 215 is crosslisted with MATH 215. Register for MATH 215.
____________________________________________________________________________________________________________________________________________________________,
COMP, 250,01W,3425,Intro Sci and Tech Comm,Lecture,3,,
,,,,,,(In person)
Bldg:,Sullivan Center,Room:,253,Days:,MW,Time:,02:45PM-04:00,Instructor:,"Schwab,Roxanne"
Class Enrl Cap:,22,Class Enrl Tot:,0,Class Wait Cap:,0,Class Wait Tot:,0,Class Min Enrl:,0
Room Characteristics:,Lab - Computer(1)

*This is a writing intensive course.*  This course is restricted to undergraduate students.  Graduate students wishing to enroll in a section of this course
should contact their departmental graduate advisor.
____________________________________________________________________________________________________________________________________________________________,
COMP, 251,001,3361,Intro to Database Systems,Lecture,3,,
,,,,,,(In person)
Bldg:,Crown Center,Room:,140,Days:,M,Time:,07:00PM-09:30,Instructor:,"Bevente,Guy"
Class Enrl Cap:,30,Class Enrl Tot:,0,Class Wait Cap:,0,Class Wait Tot:,0,Class Min Enrl:,0
Class Equivalents:,COMP 251 / COMP 368
Room Characteristics:,Electronic Classroom(1)
,,,,
This course is restricted to undergraduate students.  Graduate students wishing to enroll in a section of this course should contact their departmental
graduate advisor.
____________________________________________________________________________________________________________________________________________________________,
COMP, 264,001,3627,Intro to Computer Systems,Lecture,3,,
,,,,,,(In person)
Bldg:,Cuneo Hall,Room:,003,Days:,MWF,Time:,09:20AM-10:10,Instructor:,"Greenberg,Ronald I"
Class Enrl Cap:,35,Class Enrl Tot:,0,Class Wait Cap:,0,Class Wait Tot:,0,Class Min Enrl:,0
Room Characteristics:,Electronic Classroom(1)
____________________________________________________________________________________________________________________________________________________________,
COMP, 271,001,3252,Data Structs and Apps,Lecture,3,,
,,,,,,(In person)
Bldg:,Cuneo Hall,Room:,203,Days:,TuTh,Time:,02:30PM-04:05,Instructor:,"Albert,Mark"
Class Enrl Cap:,25,Class Enrl Tot:,0,Class Wait Cap:,0,Class Wait Tot:,0,Class Min Enrl:,0
Attributes:,Bioinformatics
Room Characteristics:,Electronic Classroom(1)
,,,,
This course is restricted to undergraduate students.  Graduate students wishing to enroll in a section of this course should contact their departmental
graduate advisor.
____________________________________________________________________________________________________________________________________________________________,
COMP, 271,002,3628,Data Structs and Apps,Lecture,3,,
,,,,,,(Blended)
Bldg:,Crown Center,Room:,105,Days:,F,Time:,09:20AM-10:10,Instructor:,"Laufer,Konstantin"
Bldg:,Crown Center,Room:,105,Days:,MWF,Time:,08:15AM-09:05,Instructor:,"Laufer,Konstantin"
Class Enrl Cap:,25,Class Enrl Tot:,0,Class Wait Cap:,0,Class Wait Tot:,0,Class Min Enrl:,0
Attributes:,Bioinformatics
Room Characteristics:,Lab - Computer(1)
Combined Section ID:,1895(COMP 271-002 / COMP 271-02L), -,COMP 271(#6233)

This course is restricted to undergraduate students.  Graduate students wishing to enroll in a section of this course should contact their departmental
graduate advisor.



Students enrolled in COMP 271-002 (Lecture) will be automatically enrolled in COMP 271-02L (Lab).
____________________________________________________________________________________________________________________________________________________________,
COMP, 271,02L,6233,Data Structs and Apps,Laboratory,3,,
,,,,,,(Blended)
Bldg:,Crown Center,Room:,105,Days:,F,Time:,09:20AM-10:10,Instructor:,"Laufer,Konstantin"
Bldg:,Crown Center,Room:,105,Days:,MWF,Time:,08:15AM-09:05,Instructor:,"Laufer,Konstantin"
Class Enrl Cap:,25,Class Enrl Tot:,0,Class Wait Cap:,0,Class Wait Tot:,0,Class Min Enrl:,0
Attributes:,Bioinformatics
Room Characteristics:,Lab - Computer(1)
Combined Section ID:,1895(COMP 271-002 / COMP 271-02L), -,COMP 271(#3628)

This course is restricted to undergraduate students.  Graduate students wishing to enroll in a section of this course should contact their departmental
graduate advisor.



Students enrolled in COMP 271-002 (Lecture) will be automatically enrolled in COMP 271-02L (Lab).
____________________________________________________________________________________________________________________________________________________________,
COMP, 312,01E,4045,Open Source Computing,Lecture,3,,
,,,,,,(Blended)
Bldg:,Crown Center,Room:,141,Days:,Th,Time:,07:00PM-09:30,Instructor:,"Lewis,Michael"
Class Enrl Cap:,35,Class Enrl Tot:,0,Class Wait Cap:,0,Class Wait Tot:,0,Class Min Enrl:,0
Attributes:,Engaged Learning
Room Characteristics:,Electronic Classroom(1)
Combined Section ID:,1896(COMP 312-01E / COMP 412-001), -,COMP 412(#4052)

This class satisfies the Engaged Learning requirement in the Undergraduate Research category.



Combined with COMP 412-001.
____________________________________________________________________________________________________________________________________________________________,
COMP, 313,001,3740,Intermed Obj-Orient Devel,Lecture,3,,
,,,,,,(In person)
Bldg:,Mundelein Center,Room:,0519,Days:,TuTh,Time:,01:00PM-02:15,Instructor:,"Yacobellis,Robert"
Class Enrl Cap:,35,Class Enrl Tot:,0,Class Wait Cap:,0,Class Wait Tot:,0,Class Min Enrl:,0
Class Equivalents:,COMP272/COMP313
Room Characteristics:,Electronic Classroom(1)
,,,,
This course is restricted to undergraduate students.  Graduate students wishing to enroll in a section of this course should contact their departmental
graduate advisor.
____________________________________________________________________________________________________________________________________________________________,
COMP, 314,001,4950,Prob Solving Strategies I,Seminar,1,,
,,,,,,(In person)
Bldg:,TBA,Room:,TBA,Days:,TBA,Time:,TBA,Instructor:,"Harrington,Andrew N"
Class Enrl Cap:,20,Class Enrl Tot:,0,Class Wait Cap:,0,Class Wait Tot:,0,Class Min Enrl:,0
Class Equivalents:,COMP281/COMP314
Room Characteristics:,Lab - Computer(1)

"Organizational meeting on the first day of classes:  Monday, August 28th, 3:00 pm - 4:00 pm, to arrange upcoming practice times and place.  Contact Dr."
"Andrew Harrington (aharrin@luc.edu) beforehand if you cannot attend, or if you have any questions."
____________________________________________________________________________________________________________________________________________________________,
,,,,,,,,
Report ID:  SR201,Loyola University Chicago,Page No.,7,of,32
Schedule of Classes for Fall 2017,Run Date:,03/17/2017
Campus: Lake Shore Campus   Location: Lake Shore Campus,Run Time:,19:40:27
Regular Academic Session
College of Arts and Sciences - Computer Science - Subject: Computer Science

____________________________________________________________________________________________________________________________________________________________,Subject,Catalog Nbr,Section,Class Nbr,Course Title,Component,Units,Topics
COMP, 315,001,4803,Problem Solving Strategy II,Seminar,2,,
,,,,,,(In person)
Bldg:,TBA,Room:,TBA,Days:,TBA,Time:,TBA,Instructor:,"Harrington,Andrew N"
Class Enrl Cap:,20,Class Enrl Tot:,0,Class Wait Cap:,0,Class Wait Tot:,0,Class Min Enrl:,0
Room Characteristics:,Electronic Classroom(1)
,,,,
"Organizational meeting on the first day of classes:  Monday, August 28th, 3:00 pm - 4:00 pm, to arrange upcoming practice times and place.  Contact Dr."
"Andrew Harrington (aharrin@luc.edu) beforehand if you cannot attend, or if you have any questions."
____________________________________________________________________________________________________________________________________________________________,
COMP, 322,001,4804,Software Dev. Wireless&Mobile,Lecture,3,,
,,,,,,(In person)
Bldg:,Cuneo Hall,Room:,117,Days:,F,Time:,02:45PM-05:15,Instructor:,"Hayward,Nicholas J"
Class Enrl Cap:,35,Class Enrl Tot:,0,Class Wait Cap:,0,Class Wait Tot:,0,Class Min Enrl:,0
Room Characteristics:,Electronic Classroom(1)
Combined Section ID:,1891(COMP 322-001 / COMP 422-001), -,COMP 422(#4843)

Combined with COMP 422-001
____________________________________________________________________________________________________________________________________________________________,
COMP, 330,001,6005,Software Engineering,Lecture,3,,
,,,,,,(Blended)
Bldg:,Mundelein Center,Room:,0304,Days:,MWF,Time:,01:40PM-02:30,Instructor:,"Thiruvathukal,George"
Class Enrl Cap:,35,Class Enrl Tot:,0,Class Wait Cap:,0,Class Wait Tot:,0,Class Min Enrl:,0
Room Characteristics:,Electronic Classroom(1)
____________________________________________________________________________________________________________________________________________________________,
COMP, 331,001,5846,Cryptography,Lecture,3,,
,,,,,,(In person)
Bldg:,Dumbach Hall,Room:,234,Days:,MWF,Time:,10:25AM-11:15,Instructor:,"Greicius,Aaron"
Class Enrl Cap:,1,Class Enrl Tot:,0,Class Wait Cap:,0,Class Wait Tot:,0,Class Min Enrl:,0
Class Equivalents:,X-COMP331/MATH331
Room Characteristics:,General Classroom(1)
Combined Section ID:,1877(MATH 331/431-COMP331/431), -,"MATH 331(#5834), MATH 431(#5835), COMP 431(#5847)"

COMP 331 is cross listed with MATH 331. Please register for MATH 331.
____________________________________________________________________________________________________________________________________________________________,
COMP, 363,001,3264,Desgn/Anlys Comp Algorthm,Lecture,3,,
,,,,,,(In person)
Bldg:,Mundelein Center,Room:,0303,Days:,TuTh,Time:,11:30AM-12:45,Instructor:,"Sekharan,Chandra N"
Class Enrl Cap:,35,Class Enrl Tot:,0,Class Wait Cap:,0,Class Wait Tot:,0,Class Min Enrl:,0
Attributes:,Bioinformatics
Class Equivalents:,X-COMP363/BIOI363
Room Characteristics:,Electronic Classroom(1)
,,,,
This course is restricted to undergraduate students.  Graduate students wishing to enroll in a section of this course should contact their departmental
graduate advisor.
____________________________________________________________________________________________________________________________________________________________,
COMP, 374,001,4834,Intro to Operatng Systms,Lecture,3,,
,,,,,,(In person)
Bldg:,Cuneo Hall,Room:,203,Days:,Th,Time:,07:00PM-09:30,Instructor:,"Kaylor,Sarah"
Class Enrl Cap:,35,Class Enrl Tot:,0,Class Wait Cap:,0,Class Wait Tot:,0,Class Min Enrl:,0
Room Characteristics:,Electronic Classroom(1)
Combined Section ID:,1894(COMP 374-001 / COMP 410-001), -,COMP 410(#4837)

Combined with COMP 410-001
____________________________________________________________________________________________________________________________________________________________,
COMP, 379,001,4835,Machine Learning,Lecture,3,,
,,,,,,(In person)
Bldg:,Mundelein Center,Room:,0415,Days:,TuTh,Time:,08:30AM-09:45,Instructor:,"Dligach,Dmitriy"
Class Enrl Cap:,35,Class Enrl Tot:,0,Class Wait Cap:,0,Class Wait Tot:,0,Class Min Enrl:,0
Room Characteristics:,Electronic Classroom(1)
Combined Section ID:,1886(COMP 379-001/COMP 488-379), -,COMP 488(#6069)

Combined with COMP 488-379
____________________________________________________________________________________________________________________________________________________________,
COMP, 381,001,4101,Bioinformatics,Lecture,3,,
,,,,,,(In person)
Bldg:,Crown Center,Room:,105,Days:,MW,Time:,02:45PM-04:00,Instructor:,"Wheeler,Heather E."
Class Enrl Cap:,1,Class Enrl Tot:,0,Class Wait Cap:,0,Class Wait Tot:,0,Class Min Enrl:,0
Class Equivalents:,X-BIOL388/COMP381/BIOI388
Room Characteristics:,Lab - Computer(1)
Combined Section ID:,0951(X-BIO388/COMP381/BIOL488/COMP4), -,"BIOL 388(#2013), BIOL 488(#3499), COMP 488(#4856)"

"COMP 381-002 is combined with BIOL 388-001.  Register for BIOL 388-001 (2013).  Also, combined with COMP 488-381 and BIOL 488-001."
____________________________________________________________________________________________________________________________________________________________,
COMP, 386,001,6008,Computational Neuroscience,Lecture,3,,
,,,,,,(In person)
Bldg:,Mundelein Center,Room:,0519,Days:,TuTh,Time:,10:00AM-11:15,Instructor:,"Albert,Mark"
Class Enrl Cap:,35,Class Enrl Tot:,0,Class Wait Cap:,0,Class Wait Tot:,0,Class Min Enrl:,0
Attributes:,Neuroscience
Room Characteristics:,Electronic Classroom(1)
Combined Section ID:,1884(COMP386-001/COMP488-386), -,COMP 488(#6070)

Combined with COMP 488-386
____________________________________________________________________________________________________________________________________________________________,
COMP, 388,325,6010,Topics:,Lecture,3,RapidAppDevMethodology(.NET),
,,,,,,(Blended)
Bldg:,Crown Center,Room:,103,Days:,Sa,Time:,10:00AM-12:30,Instructor:,"Kabani,Karim"
Class Enrl Cap:,35,Class Enrl Tot:,0,Class Wait Cap:,0,Class Wait Tot:,0,Class Min Enrl:,0
Room Characteristics:,Lab - Computer(1)
Combined Section ID:,1893(COMP 388-325/ COMP 488-325), -,COMP 488(#6068)
,,,,,,
Rapid App Dev Methodology (.NET)



Combined with COMP 488-325
____________________________________________________________________________________________________________________________________________________________,
COMP, 391,01E,2173,Internship in CS,Field Studies,1 - 6,,
,,,,,,(In person)
Bldg:,TBA,Room:,TBA,Days:,TBA,Time:,TBA,Instructor:,"Yacobellis,Robert"
,,,,,,,,,"Greenberg,Ronald I"
Class Enrl Cap:,20,Class Enrl Tot:,0,Class Wait Cap:,0,Class Wait Tot:,0,Class Min Enrl:,0
Attributes:,Engaged Learning
Room Characteristics:,Classroom Not Needed(1)
,,,,
"This class satisfies the Engaged Learning requirement in the Internship category.  Department Consent is required, and then a Computer Science Department"
staff member will enroll you.
____________________________________________________________________________________________________________________________________________________________,
COMP, 392,01E,6018,Metagenomics,Lecture,3,,
,,,,,,(In person)
Bldg:,Sullivan Center,Room:,253,Days:,TuTh,Time:,08:30AM-09:45,Instructor:
Class Enrl Cap:,20,Class Enrl Tot:,0,Class Wait Cap:,0,Class Wait Tot:,0,Class Min Enrl:,0
Attributes:,"Engaged Learning, Bioinformatics"
Class Equivalents:,X-COMP 384/BIOL 392
Room Characteristics:,Lab - Computer(1)

This class satisfies the Engaged Learning requirement in the Undergraduate Research category.
Instructor Consent Required.



Combined with COMP 488-384 and BIOL 392-001.
____________________________________________________________________________________________________________________________________________________________,
COMP, 398,01E,2174,Independent Study,Independent Study,1 - 6,,
,,,,,,(In person)
Bldg:,TBA,Room:,TBA,Days:,TBA,Time:,TBA,Instructor:
Class Enrl Cap:,20,Class Enrl Tot:,0,Class Wait Cap:,0,Class Wait Tot:,0,Class Min Enrl:,0
Attributes:,Engaged Learning
Room Characteristics:,Classroom Not Needed(1)
,,,,
This class satisfies the Engaged Learning requirement in the Undergraduate Research category.



"Department Consent required, and then a Computer Science Department staff member will enroll you."
____________________________________________________________________________________________________________________________________________________________,
COMP, 398,02E,2175,Independent Study,Independent Study,1 - 6,,
,,,,,,(In person)
Bldg:,TBA,Room:,TBA,Days:,TBA,Time:,TBA,Instructor:
Class Enrl Cap:,20,Class Enrl Tot:,0,Class Wait Cap:,0,Class Wait Tot:,0,Class Min Enrl:,0
Attributes:,Engaged Learning
Room Characteristics:,Classroom Not Needed(1)
,,,,
This class satisfies the Engaged Learning requirement in the Undergraduate Research category.



"Department Consent required, and then a Computer Science Department staff member will enroll you."
____________________________________________________________________________________________________________________________________________________________,
,,,,,,,,
Report ID:  SR201,Loyola University Chicago,Page No.,10,of,32
Schedule of Classes for Fall 2017,Run Date:,03/17/2017
Campus: Lake Shore Campus   Location: Lake Shore Campus,Run Time:,19:40:27
Regular Academic Session
College of Arts and Sciences - Computer Science - Subject: Computer Science

____________________________________________________________________________________________________________________________________________________________,Subject,Catalog Nbr,Section,Class Nbr,Course Title,Component,Units,Topics
COMP, 398,03E,2176,Independent Study,Independent Study,1 - 6,,
,,,,,,(In person)
Bldg:,TBA,Room:,TBA,Days:,TBA,Time:,TBA,Instructor:
Class Enrl Cap:,20,Class Enrl Tot:,0,Class Wait Cap:,0,Class Wait Tot:,0,Class Min Enrl:,0
Attributes:,Engaged Learning
Room Characteristics:,Classroom Not Needed(1)
,,,,
This class satisfies the Engaged Learning requirement in the Undergraduate Research category.



"Department Consent required, and then a Computer Science Department staff member will enroll you."
____________________________________________________________________________________________________________________________________________________________,
COMP, 398,04E,2177,Independent Study,Independent Study,1 - 6,,
,,,,,,(In person)
Bldg:,TBA,Room:,TBA,Days:,TBA,Time:,TBA,Instructor:
Class Enrl Cap:,20,Class Enrl Tot:,0,Class Wait Cap:,0,Class Wait Tot:,0,Class Min Enrl:,0
Attributes:,Engaged Learning
Room Characteristics:,Classroom Not Needed(1)
,,,,
This class satisfies the Engaged Learning requirement in the Undergraduate Research category.



"Department Consent required, and then a Computer Science Department staff member will enroll you."
____________________________________________________________________________________________________________________________________________________________,
COMP, 398,05E,2178,Independent Study,Independent Study,1 - 6,,
,,,,,,(In person)
Bldg:,TBA,Room:,TBA,Days:,TBA,Time:,TBA,Instructor:
Class Enrl Cap:,20,Class Enrl Tot:,0,Class Wait Cap:,0,Class Wait Tot:,0,Class Min Enrl:,0
Attributes:,Engaged Learning
Room Characteristics:,Classroom Not Needed(1)
,,,,
This class satisfies the Engaged Learning requirement in the Undergraduate Research category.



"Department Consent required, and then a Computer Science Department staff member will enroll you."
____________________________________________________________________________________________________________________________________________________________,
COMP, 398,06E,2179,Independent Study,Independent Study,1 - 6,,
,,,,,,(In person)
Bldg:,TBA,Room:,TBA,Days:,TBA,Time:,TBA,Instructor:
Class Enrl Cap:,20,Class Enrl Tot:,0,Class Wait Cap:,0,Class Wait Tot:,0,Class Min Enrl:,0
Attributes:,Engaged Learning
Room Characteristics:,Classroom Not Needed(1)
,,,,
This class satisfies the Engaged Learning requirement in the Undergraduate Research category.



"Department Consent required, and then a Computer Science Department staff member will enroll you."
____________________________________________________________________________________________________________________________________________________________,
,,,,,,,,
Report ID:  SR201,Loyola University Chicago,Page No.,11,of,32
Schedule of Classes for Fall 2017,Run Date:,03/17/2017
Campus: Lake Shore Campus   Location: Lake Shore Campus,Run Time:,19:40:27
Regular Academic Session
College of Arts and Sciences - Computer Science - Subject: Computer Science

____________________________________________________________________________________________________________________________________________________________,Subject,Catalog Nbr,Section,Class Nbr,Course Title,Component,Units,Topics
COMP, 398,07E,2180,Independent Study,Independent Study,1 - 6,,
,,,,,,(In person)
Bldg:,TBA,Room:,TBA,Days:,TBA,Time:,TBA,Instructor:
Class Enrl Cap:,20,Class Enrl Tot:,0,Class Wait Cap:,0,Class Wait Tot:,0,Class Min Enrl:,0
Attributes:,Engaged Learning
Room Characteristics:,Classroom Not Needed(1)
,,,,
This class satisfies the Engaged Learning requirement in the Undergraduate Research category.



"Department Consent required, and then a Computer Science Department staff member will enroll you."
____________________________________________________________________________________________________________________________________________________________,
COMP, 398,08E,2181,Independent Study,Independent Study,1 - 6,,
,,,,,,(In person)
Bldg:,TBA,Room:,TBA,Days:,TBA,Time:,TBA,Instructor:
Class Enrl Cap:,20,Class Enrl Tot:,0,Class Wait Cap:,0,Class Wait Tot:,0,Class Min Enrl:,0
Attributes:,Engaged Learning
Room Characteristics:,Classroom Not Needed(1)
,,,,
This class satisfies the Engaged Learning requirement in the Undergraduate Research category.



"Department Consent required, and then a Computer Science Department staff member will enroll you."
____________________________________________________________________________________________________________________________________________________________,
COMP, 398,09E,3746,Independent Study,Independent Study,1 - 6,,
,,,,,,(In person)
Bldg:,TBA,Room:,TBA,Days:,TBA,Time:,TBA,Instructor:
Class Enrl Cap:,20,Class Enrl Tot:,0,Class Wait Cap:,0,Class Wait Tot:,0,Class Min Enrl:,0
Attributes:,Engaged Learning
Room Characteristics:,Classroom Not Needed(1)
,,,,
This class satisfies the Engaged Learning requirement in the Undergraduate Research category.



"Department Consent required, and then a Computer Science Department staff member will enroll you."
____________________________________________________________________________________________________________________________________________________________,
COMP, 398,10E,4141,Independent Study,Independent Study,1 - 6,,
,,,,,,(In person)
Bldg:,TBA,Room:,TBA,Days:,TBA,Time:,TBA,Instructor:
Class Enrl Cap:,20,Class Enrl Tot:,0,Class Wait Cap:,0,Class Wait Tot:,0,Class Min Enrl:,0
Attributes:,Engaged Learning
Room Characteristics:,Classroom Not Needed(1)
,,,,
This class satisfies the Engaged Learning requirement in the Undergraduate Research category.



"Department Consent required, and then a Computer Science Department staff member will enroll you."
____________________________________________________________________________________________________________________________________________________________,
,,,,,,,,
Report ID:  SR201,Loyola University Chicago,Page No.,12,of,32
Schedule of Classes for Fall 2017,Run Date:,03/17/2017
Campus: Lake Shore Campus   Location: Lake Shore Campus,Run Time:,19:40:27
Regular Academic Session
College of Arts and Sciences - Computer Science - Subject: Computer Science

____________________________________________________________________________________________________________________________________________________________,Subject,Catalog Nbr,Section,Class Nbr,Course Title,Component,Units,Topics
COMP, 398,11E,4338,Independent Study,Independent Study,1 - 6,,
,,,,,,(In person)
Bldg:,TBA,Room:,TBA,Days:,TBA,Time:,TBA,Instructor:
Class Enrl Cap:,20,Class Enrl Tot:,0,Class Wait Cap:,0,Class Wait Tot:,0,Class Min Enrl:,0
Attributes:,Engaged Learning
Room Characteristics:,Classroom Not Needed(1)
,,,,
This class satisfies the Engaged Learning requirement in the Undergraduate Research category.



"Department Consent required, and then a Computer Science Department staff member will enroll you."
____________________________________________________________________________________________________________________________________________________________,
COMP, 398,12E,4944,Independent Study,Independent Study,1 - 6,,
,,,,,,(In person)
Bldg:,TBA,Room:,TBA,Days:,TBA,Time:,TBA,Instructor:
Class Enrl Cap:,20,Class Enrl Tot:,0,Class Wait Cap:,0,Class Wait Tot:,0,Class Min Enrl:,0
Attributes:,Engaged Learning
Room Characteristics:,Classroom Not Needed(1)
,,,,
This class satisfies the Engaged Learning requirement in the Undergraduate Research category.



"Department Consent required, and then a Computer Science Department staff member will enroll you."
____________________________________________________________________________________________________________________________________________________________,
COMP, 398,13E,4945,Independent Study,Independent Study,1 - 6,,
,,,,,,(In person)
Bldg:,TBA,Room:,TBA,Days:,TBA,Time:,TBA,Instructor:
Class Enrl Cap:,20,Class Enrl Tot:,0,Class Wait Cap:,0,Class Wait Tot:,0,Class Min Enrl:,0
Attributes:,Engaged Learning
Room Characteristics:,Classroom Not Needed(1)
,,,,
This class satisfies the Engaged Learning requirement in the Undergraduate Research category.



"Department Consent required, and then a Computer Science Department staff member will enroll you."
____________________________________________________________________________________________________________________________________________________________,
COMP, 398,14E,4946,Independent Study,Independent Study,1 - 6,,
,,,,,,(In person)
Bldg:,TBA,Room:,TBA,Days:,TBA,Time:,TBA,Instructor:
Class Enrl Cap:,20,Class Enrl Tot:,0,Class Wait Cap:,0,Class Wait Tot:,0,Class Min Enrl:,0
Attributes:,Engaged Learning
Room Characteristics:,Classroom Not Needed(1)
,,,,
This class satisfies the Engaged Learning requirement in the Undergraduate Research category.



"Department Consent required, and then a Computer Science Department staff member will enroll you."
____________________________________________________________________________________________________________________________________________________________,
,,,,,,,,
Report ID:  SR201,Loyola University Chicago,Page No.,13,of,32
Schedule of Classes for Fall 2017,Run Date:,03/17/2017
Campus: Lake Shore Campus   Location: Lake Shore Campus,Run Time:,19:40:27
Regular Academic Session
College of Arts and Sciences - Computer Science - Subject: Computer Science

____________________________________________________________________________________________________________________________________________________________,Subject,Catalog Nbr,Section,Class Nbr,Course Title,Component,Units,Topics
COMP, 398,15E,6123,Independent Study,Independent Study,1 - 6,,
,,,,,,(In person)
Bldg:,TBA,Room:,TBA,Days:,TBA,Time:,TBA,Instructor:
Class Enrl Cap:,20,Class Enrl Tot:,0,Class Wait Cap:,0,Class Wait Tot:,0,Class Min Enrl:,0
Attributes:,Engaged Learning
Room Characteristics:,Classroom Not Needed(1)
,,,,
This class satisfies the Engaged Learning requirement in the Undergraduate Research category.
____________________________________________________________________________________________________________________________________________________________,
COMP, 398,16E,6124,Independent Study,Independent Study,1 - 6,,
,,,,,,(In person)
Bldg:,TBA,Room:,TBA,Days:,TBA,Time:,TBA,Instructor:
Class Enrl Cap:,20,Class Enrl Tot:,0,Class Wait Cap:,0,Class Wait Tot:,0,Class Min Enrl:,0
Attributes:,Engaged Learning
Room Characteristics:,Classroom Not Needed(1)
,,,,
This class satisfies the Engaged Learning requirement in the Undergraduate Research category.
____________________________________________________________________________________________________________________________________________________________,
COMP, 399,001,6012,Computer Science Seminar,Lecture,1,,
,,,,,,(In person)
Bldg:,Dumbach Hall,Room:,234,Days:,Th,Time:,04:15PM-05:30,Instructor:,"Albert,Mark"
Class Enrl Cap:,25,Class Enrl Tot:,0,Class Wait Cap:,0,Class Wait Tot:,0,Class Min Enrl:,0
Class Equivalents:,COMP 399H / COMP 399
Room Characteristics:,Electronic Classroom(1)
____________________________________________________________________________________________________________________________________________________________,
COMP, 410,001,4837,Operating Systems,Lecture,3,,
,,,,,,(In person)
Bldg:,Cuneo Hall,Room:,203,Days:,Th,Time:,07:00PM-09:30,Instructor:,"Kaylor,Sarah"
Class Enrl Cap:,35,Class Enrl Tot:,0,Class Wait Cap:,0,Class Wait Tot:,0,Class Min Enrl:,0
Room Characteristics:,Electronic Classroom(1)
Combined Section ID:,1894(COMP 374-001 / COMP 410-001), -,COMP 374(#4834)

Combined with COMP 374-001
____________________________________________________________________________________________________________________________________________________________,
COMP, 412,001,4052,Open Source Computing,Lecture,3,,
,,,,,,(Blended)
Bldg:,Crown Center,Room:,141,Days:,Th,Time:,07:00PM-09:30,Instructor:,"Lewis,Michael"
Class Enrl Cap:,35,Class Enrl Tot:,0,Class Wait Cap:,0,Class Wait Tot:,0,Class Min Enrl:,0
Room Characteristics:,Electronic Classroom(1)
Combined Section ID:,1896(COMP 312-01E / COMP 412-001), -,COMP 312(#4045)

Combined with COMP 312-01E
____________________________________________________________________________________________________________________________________________________________,
,,,,,,,,
Report ID:  SR201,Loyola University Chicago,Page No.,14,of,32
Schedule of Classes for Fall 2017,Run Date:,03/17/2017
Campus: Lake Shore Campus   Location: Lake Shore Campus,Run Time:,19:40:27
Regular Academic Session
College of Arts and Sciences - Computer Science - Subject: Computer Science

____________________________________________________________________________________________________________________________________________________________,Subject,Catalog Nbr,Section,Class Nbr,Course Title,Component,Units,Topics
COMP, 413,001,3741,Intermed Object-Orientd Devel,Lecture,3,,
,,,,,,(In person)
Bldg:,Dumbach Hall,Room:,123,Days:,Th,Time:,04:15PM-06:45,Instructor:,"Yacobellis,Robert"
Class Enrl Cap:,35,Class Enrl Tot:,0,Class Wait Cap:,0,Class Wait Tot:,0,Class Min Enrl:,0
Room Characteristics:,Electronic Classroom(1)
____________________________________________________________________________________________________________________________________________________________,
COMP, 417,001,3255,Social & Ethical Iss Comp,Lecture,3,,
,,,,,,(In person)
Bldg:,Dumbach Hall,Room:,228,Days:,W,Time:,04:15PM-06:45,Instructor:,"Schwab,Roxanne"
Class Enrl Cap:,35,Class Enrl Tot:,0,Class Wait Cap:,0,Class Wait Tot:,0,Class Min Enrl:,0
Room Characteristics:,Electronic Classroom(1)
____________________________________________________________________________________________________________________________________________________________,
COMP, 422,001,4843,Wireless/Mobile Softw Dev,Lecture,3,,
,,,,,,(In person)
Bldg:,Cuneo Hall,Room:,117,Days:,F,Time:,02:45PM-05:15,Instructor:,"Hayward,Nicholas J"
Class Enrl Cap:,35,Class Enrl Tot:,0,Class Wait Cap:,0,Class Wait Tot:,0,Class Min Enrl:,0
Room Characteristics:,Electronic Classroom(1)
Combined Section ID:,1891(COMP 322-001 / COMP 422-001), -,COMP 322(#4804)

Combined with COMP 322-001
____________________________________________________________________________________________________________________________________________________________,
COMP, 431,001,5847,Cryptography,Lecture,3,,
,,,,,,(In person)
Bldg:,Dumbach Hall,Room:,234,Days:,MWF,Time:,10:25AM-11:15,Instructor:,"Greicius,Aaron"
Class Enrl Cap:,1,Class Enrl Tot:,0,Class Wait Cap:,0,Class Wait Tot:,0,Class Min Enrl:,0
Class Equivalents:,X-COMP431/MATH431
Room Characteristics:,General Classroom(1)
Combined Section ID:,1877(MATH 331/431-COMP331/431), -,"MATH 331(#5834), MATH 431(#5835), COMP 331(#5846)"

COMP 431 is cross listed with MATH 431. Please register for MATH 431.
____________________________________________________________________________________________________________________________________________________________,
COMP, 488,325,6068,Top:,Lecture,3,RapidAppl Dev Metholodgy(.NET),
,,,,,,(Blended)
Bldg:,Crown Center,Room:,103,Days:,Sa,Time:,10:00AM-12:30,Instructor:,"Kabani,Karim"
Class Enrl Cap:,35,Class Enrl Tot:,0,Class Wait Cap:,0,Class Wait Tot:,0,Class Min Enrl:,0
Room Characteristics:,Lab - Computer(1)
Combined Section ID:,1893(COMP 388-325/ COMP 488-325), -,COMP 388(#6010)
,,,,,,
Rapid App Dev Methodology (.NET)



Combined with COMP 388-325
____________________________________________________________________________________________________________________________________________________________,
COMP, 488,379,6069,Top:,Lecture,3,Machine Learning,
,,,,,,(In person)
Bldg:,Mundelein Center,Room:,0415,Days:,TuTh,Time:,08:30AM-09:45,Instructor:,"Dligach,Dmitriy"
Class Enrl Cap:,35,Class Enrl Tot:,0,Class Wait Cap:,0,Class Wait Tot:,0,Class Min Enrl:,0
Room Characteristics:,Electronic Classroom(1)
Combined Section ID:,1886(COMP 379-001/COMP 488-379), -,COMP 379(#4835)

Machine Learning



Combined with COMP 379-001
____________________________________________________________________________________________________________________________________________________________,
COMP, 488,381,4856,Top:,Lecture,3,Bioinformatics,
,,,,,,(In person)
Bldg:,Crown Center,Room:,105,Days:,MW,Time:,02:45PM-04:00,Instructor:,"Wheeler,Heather E."
Class Enrl Cap:,2,Class Enrl Tot:,0,Class Wait Cap:,0,Class Wait Tot:,0,Class Min Enrl:,0
Room Characteristics:,Lab - Computer(1)
Combined Section ID:,0951(X-BIO388/COMP381/BIOL488/COMP4), -,"BIOL 388(#2013), BIOL 488(#3499), COMP 381(#4101)"

Bioinformatics



"Combined with COMP 381-002, BIOL 388-001, and BIOL 488-001"
____________________________________________________________________________________________________________________________________________________________,
COMP, 488,384,6019,Top:,Lecture,3,Metagenomics,
,,,,,,(In person)
Bldg:,Crown Center,Room:,103,Days:,TuTh,Time:,08:30AM-09:45,Instructor:,"Burns,Michael Bradley"
Class Enrl Cap:,20,Class Enrl Tot:,0,Class Wait Cap:,0,Class Wait Tot:,0,Class Min Enrl:,0
Room Characteristics:,Lab - Computer(1)
Combined Section ID:,1907(BIOL 392-001/COMP488-384/COMP3), -,BIOL 392(#5417)

Metagenomics



Instructor Consent Required



Combined with COMP 384-001 and BIOL 392-001
____________________________________________________________________________________________________________________________________________________________,
COMP, 488,386,6070,Top:,Lecture,3,Computational Neurosci,
,,,,,,(In person)
Bldg:,Mundelein Center,Room:,0519,Days:,TuTh,Time:,10:00AM-11:15,Instructor:,"Albert,Mark"
Class Enrl Cap:,35,Class Enrl Tot:,0,Class Wait Cap:,0,Class Wait Tot:,0,Class Min Enrl:,0
Room Characteristics:,Electronic Classroom(1)
Combined Section ID:,1884(COMP386-001/COMP488-386), -,COMP 386(#6008)

Computational Neuroscience



Combined with COMP 386-001
____________________________________________________________________________________________________________________________________________________________,
,,,,,,,,
Report ID:  SR201,Loyola University Chicago,Page No.,16,of,32
Schedule of Classes for Fall 2017,Run Date:,03/17/2017
Campus: Lake Shore Campus   Location: Lake Shore Campus,Run Time:,19:40:27
Regular Academic Session
College of Arts and Sciences - Computer Science - Subject: Computer Science

____________________________________________________________________________________________________________________________________________________________,Subject,Catalog Nbr,Section,Class Nbr,Course Title,Component,Units,Topics
COMP, 490,001,2323,Independent Project,Supervision,1 - 6,,
,,,,,,(In person)
Bldg:,TBA,Room:,TBA,Days:,TBA,Time:,TBA,Instructor:
Class Enrl Cap:,20,Class Enrl Tot:,0,Class Wait Cap:,0,Class Wait Tot:,0,Class Min Enrl:,0
Room Characteristics:,Classroom Not Needed(1)
,,,,
"Department Consent required, and then a Computer Science Department staff member will enroll you."
____________________________________________________________________________________________________________________________________________________________,
COMP, 490,002,2324,Independent Project,Supervision,1 - 6,,
,,,,,,(In person)
Bldg:,TBA,Room:,TBA,Days:,TBA,Time:,TBA,Instructor:
Class Enrl Cap:,20,Class Enrl Tot:,0,Class Wait Cap:,0,Class Wait Tot:,0,Class Min Enrl:,0
Room Characteristics:,Classroom Not Needed(1)
,,,,
"Department Consent required, and then a Computer Science Department staff member will enroll you."
____________________________________________________________________________________________________________________________________________________________,
COMP, 490,003,2325,Independent Project,Supervision,1 - 6,,
,,,,,,(In person)
Bldg:,TBA,Room:,TBA,Days:,TBA,Time:,TBA,Instructor:
Class Enrl Cap:,20,Class Enrl Tot:,0,Class Wait Cap:,0,Class Wait Tot:,0,Class Min Enrl:,0
Room Characteristics:,Classroom Not Needed(1)
,,,,
"Department Consent required, and then a Computer Science Department staff member will enroll you."
____________________________________________________________________________________________________________________________________________________________,
COMP, 490,004,2326,Independent Project,Supervision,1 - 6,,
,,,,,,(In person)
Bldg:,TBA,Room:,TBA,Days:,TBA,Time:,TBA,Instructor:
Class Enrl Cap:,20,Class Enrl Tot:,0,Class Wait Cap:,0,Class Wait Tot:,0,Class Min Enrl:,0
Room Characteristics:,Classroom Not Needed(1)
,,,,
"Department Consent required, and then a Computer Science Department staff member will enroll you."
____________________________________________________________________________________________________________________________________________________________,
COMP, 490,005,2327,Independent Project,Supervision,1 - 6,,
,,,,,,(In person)
Bldg:,TBA,Room:,TBA,Days:,TBA,Time:,TBA,Instructor:
Class Enrl Cap:,20,Class Enrl Tot:,0,Class Wait Cap:,0,Class Wait Tot:,0,Class Min Enrl:,0
Room Characteristics:,Classroom Not Needed(1)
,,,,
"Department Consent required, and then a Computer Science Department staff member will enroll you."
____________________________________________________________________________________________________________________________________________________________,
,,,,,,,,
Report ID:  SR201,Loyola University Chicago,Page No.,17,of,32
Schedule of Classes for Fall 2017,Run Date:,03/17/2017
Campus: Lake Shore Campus   Location: Lake Shore Campus,Run Time:,19:40:27
Regular Academic Session
College of Arts and Sciences - Computer Science - Subject: Computer Science

____________________________________________________________________________________________________________________________________________________________,Subject,Catalog Nbr,Section,Class Nbr,Course Title,Component,Units,Topics
COMP, 490,006,2328,Independent Project,Supervision,1 - 6,,
,,,,,,(In person)
Bldg:,TBA,Room:,TBA,Days:,TBA,Time:,TBA,Instructor:
Class Enrl Cap:,20,Class Enrl Tot:,0,Class Wait Cap:,0,Class Wait Tot:,0,Class Min Enrl:,0
Room Characteristics:,Classroom Not Needed(1)
,,,,
"Department Consent required, and then a Computer Science Department staff member will enroll you."
____________________________________________________________________________________________________________________________________________________________,
COMP, 490,007,2329,Independent Project,Supervision,1 - 6,,
,,,,,,(In person)
Bldg:,TBA,Room:,TBA,Days:,TBA,Time:,TBA,Instructor:
Class Enrl Cap:,20,Class Enrl Tot:,0,Class Wait Cap:,0,Class Wait Tot:,0,Class Min Enrl:,0
Room Characteristics:,Classroom Not Needed(1)
,,,,
"Department Consent required, and then a Computer Science Department staff member will enroll you."
____________________________________________________________________________________________________________________________________________________________,
COMP, 490,008,2330,Independent Project,Supervision,1 - 6,,
,,,,,,(In person)
Bldg:,TBA,Room:,TBA,Days:,TBA,Time:,TBA,Instructor:
Class Enrl Cap:,20,Class Enrl Tot:,0,Class Wait Cap:,0,Class Wait Tot:,0,Class Min Enrl:,0
Room Characteristics:,Classroom Not Needed(1)
,,,,
"Department Consent required, and then a Computer Science Department staff member will enroll you."
____________________________________________________________________________________________________________________________________________________________,
COMP, 490,009,3747,Independent Project,Supervision,1 - 6,,
,,,,,,(In person)
Bldg:,TBA,Room:,TBA,Days:,TBA,Time:,TBA,Instructor:
Class Enrl Cap:,20,Class Enrl Tot:,0,Class Wait Cap:,0,Class Wait Tot:,0,Class Min Enrl:,0
Room Characteristics:,Classroom Not Needed(1)
,,,,
"Department Consent required, and then a Computer Science Department staff member will enroll you."
____________________________________________________________________________________________________________________________________________________________,
COMP, 490,010,4142,Independent Project,Supervision,1 - 6,,
,,,,,,(In person)
Bldg:,TBA,Room:,TBA,Days:,TBA,Time:,TBA,Instructor:
Class Enrl Cap:,20,Class Enrl Tot:,0,Class Wait Cap:,0,Class Wait Tot:,0,Class Min Enrl:,0
Room Characteristics:,Classroom Not Needed(1)
,,,,
"Department Consent required, and then a Computer Science Department staff member will enroll you."
____________________________________________________________________________________________________________________________________________________________,
,,,,,,,,
Report ID:  SR201,Loyola University Chicago,Page No.,18,of,32
Schedule of Classes for Fall 2017,Run Date:,03/17/2017
Campus: Lake Shore Campus   Location: Lake Shore Campus,Run Time:,19:40:27
Regular Academic Session
College of Arts and Sciences - Computer Science - Subject: Computer Science

____________________________________________________________________________________________________________________________________________________________,Subject,Catalog Nbr,Section,Class Nbr,Course Title,Component,Units,Topics
COMP, 490,011,4339,Independent Project,Supervision,1 - 6,,
,,,,,,(In person)
Bldg:,TBA,Room:,TBA,Days:,TBA,Time:,TBA,Instructor:
Class Enrl Cap:,20,Class Enrl Tot:,0,Class Wait Cap:,0,Class Wait Tot:,0,Class Min Enrl:,0
Room Characteristics:,Classroom Not Needed(1)
,,,,
"Department Consent required, and then a Computer Science Department staff member will enroll you."
____________________________________________________________________________________________________________________________________________________________,
COMP, 490,012,4947,Independent Project,Supervision,1 - 6,,
,,,,,,(In person)
Bldg:,TBA,Room:,TBA,Days:,TBA,Time:,TBA,Instructor:
Class Enrl Cap:,20,Class Enrl Tot:,0,Class Wait Cap:,0,Class Wait Tot:,0,Class Min Enrl:,0
Room Characteristics:,Classroom Not Needed(1)
,,,,
"Department Consent required, and then a Computer Science Department staff member will enroll you."
____________________________________________________________________________________________________________________________________________________________,
COMP, 490,013,4948,Independent Project,Supervision,1 - 6,,
,,,,,,(In person)
Bldg:,TBA,Room:,TBA,Days:,TBA,Time:,TBA,Instructor:
Class Enrl Cap:,20,Class Enrl Tot:,0,Class Wait Cap:,0,Class Wait Tot:,0,Class Min Enrl:,0
Room Characteristics:,Classroom Not Needed(1)
,,,,
"Department Consent required, and then a Computer Science Department staff member will enroll you."
____________________________________________________________________________________________________________________________________________________________,
COMP, 490,014,4949,Independent Project,Supervision,1 - 6,,
,,,,,,(In person)
Bldg:,TBA,Room:,TBA,Days:,TBA,Time:,TBA,Instructor:
Class Enrl Cap:,20,Class Enrl Tot:,0,Class Wait Cap:,0,Class Wait Tot:,0,Class Min Enrl:,0
Room Characteristics:,Classroom Not Needed(1)
,,,,
"Department Consent required, and then a Computer Science Department staff member will enroll you."
____________________________________________________________________________________________________________________________________________________________,
COMP, 490,015,6126,Independent Project,Supervision,1 - 6,,
,,,,,,(In person)
Bldg:,TBA,Room:,TBA,Days:,TBA,Time:,TBA,Instructor:
Class Enrl Cap:,20,Class Enrl Tot:,0,Class Wait Cap:,0,Class Wait Tot:,0,Class Min Enrl:,0
Room Characteristics:,Classroom Not Needed(1)
____________________________________________________________________________________________________________________________________________________________,
COMP, 490,016,6316,Independent Project,Supervision,1 - 6,,
,,,,,,(In person)
Bldg:,TBA,Room:,TBA,Days:,TBA,Time:,TBA,Instructor:
Class Enrl Cap:,20,Class Enrl Tot:,0,Class Wait Cap:,0,Class Wait Tot:,0,Class Min Enrl:,0
Room Characteristics:,Classroom Not Needed(1)
____________________________________________________________________________________________________________________________________________________________,
,,,,,,,,
Report ID:  SR201,Loyola University Chicago,Page No.,19,of,32
Schedule of Classes for Fall 2017,Run Date:,03/17/2017
Campus: Online Campus   Location: Online Campus,Run Time:,19:40:27
Regular Academic Session
College of Arts and Sciences - Computer Science - Subject: Computer Science

____________________________________________________________________________________________________________________________________________________________,Subject,Catalog Nbr,Section,Class Nbr,Course Title,Component,Units,Topics
COMP, 305,001,5994,Database Administration,Lecture,3,,
,,,,,,(Online)
Bldg:,TBA,Room:,TBA,Days:,TBA,Time:,TBA,Instructor:
Class Enrl Cap:,25,Class Enrl Tot:,0,Class Wait Cap:,0,Class Wait Tot:,0,Class Min Enrl:,0
Room Characteristics:,Classroom Not Needed(1)
Combined Section ID:,1905(COMP 305-001 / COMP 488-305), -,COMP 488(#6067)

This is an online class.  Combined with COMP 488-305.
____________________________________________________________________________________________________________________________________________________________,
COMP, 317,001,3254,SocialLegal&EthicIssuComp,Lecture,3,,
,,,,,,(Online)
Bldg:,TBA,Room:,TBA,Days:,Tu,Time:,07:00PM-09:30,Instructor:,"Butcher,Matthew Paul"
Class Enrl Cap:,35,Class Enrl Tot:,0,Class Wait Cap:,0,Class Wait Tot:,0,Class Min Enrl:,0
Attributes:,Sociolegal Studies
Room Characteristics:,Classroom Not Needed(1)
,,,,
This is an online class.  All lectures will be pre-recorded.  Students are asked to attend smaller-group online interactive discussions at regular intervals
"during the semester, with possible times chosen to fit different groups' schedules.
"


This course is restricted to undergraduate students.  Graduate students wishing to enroll in a section of this course should contact their departmental
graduate advisor.
____________________________________________________________________________________________________________________________________________________________,
COMP, 343,002,4826,Intro to Computer Network,Lecture,3,,
,,,,,,(Online)
Bldg:,TBA,Room:,TBA,Days:,TBA,Time:,TBA,Instructor:,"Dordal,Peter L"
Class Enrl Cap:,25,Class Enrl Tot:,0,Class Wait Cap:,0,Class Wait Tot:,0,Class Min Enrl:,0
Room Characteristics:,Classroom Not Needed(1)
Combined Section ID:,1888(COMP 443-002 / COMP 343-002), -,COMP 443(#4848)

This is an online class that includes synchronous and asynchronous interaction among students and Instructor.  Synchronous discussion sessions will be held
"Mondays and Tuesdays at 2:30 pm, and may vary in length from 30 minutes to one hour.  Participation in synchronous sessions is strongly recommended."
Combined with COMP 443-002.
____________________________________________________________________________________________________________________________________________________________,
COMP, 347,002,4831,Intro Computer Security,Lecture,3,,
,,,,,,(Online)
Bldg:,TBA,Room:,TBA,Days:,TBA,Time:,TBA,Instructor:,"Schmitz,Corby"
Class Enrl Cap:,25,Class Enrl Tot:,0,Class Wait Cap:,0,Class Wait Tot:,0,Class Min Enrl:,0
Room Characteristics:,Classroom Not Needed(1)
Combined Section ID:,1899(COMP 347-002 / COMP 447-002), -,COMP 447(#4850)

"This is an online class.  The classroom session will be broadcast live on Friday evenings via AdobeConnect, allowing online student interaction.  Sessions"
will also be recorded and made available.  Students may participate synchronously or asynchronously at their discretion.  Combined with COMP 447-002.
____________________________________________________________________________________________________________________________________________________________,,
,,,,,,,,
Report ID:  SR201,Loyola University Chicago,Page No.,20,of,32
Schedule of Classes for Fall 2017,Run Date:,03/17/2017
Campus: Online Campus   Location: Online Campus,Run Time:,19:40:27
Regular Academic Session
College of Arts and Sciences - Computer Science - Subject: Computer Science

____________________________________________________________________________________________________________________________________________________________,Subject,Catalog Nbr,Section,Class Nbr,Course Title,Component,Units,Topics
COMP, 364,001,4832,High Performance Computing,Lecture,3,,
,,,,,,(Online)
Bldg:,TBA,Room:,TBA,Days:,W,Time:,07:00PM-09:30,Instructor:,"Stone,Christopher"
Class Enrl Cap:,35,Class Enrl Tot:,0,Class Wait Cap:,0,Class Wait Tot:,0,Class Min Enrl:,0
Room Characteristics:,Classroom Not Needed(1)
Combined Section ID:,1900(COMP 364-001 / COMP 464-001), -,COMP 464(#4852)

"This is an online, synchronous class.  Synchronous meeting time: Wednesday, 7:00 pm - 9:30 pm.  Combined with COMP 464-001."
____________________________________________________________________________________________________________________________________________________________,
COMP, 390,01E,3742,Broadening Particip STEM,Lecture,3,,
,,,,,,(Online)
Bldg:,TBA,Room:,TBA,Days:,TBA,Time:,TBA,Instructor:,"Greenberg,Ronald I"
Class Enrl Cap:,30,Class Enrl Tot:,0,Class Wait Cap:,0,Class Wait Tot:,0,Class Min Enrl:,0
Attributes:,Engaged Learning
Room Characteristics:,Classroom Not Needed(1)
,,,,
"Broadening Participation in STEM (Computing, Mathematics, and Science).
"


"This class is online and fully asynchronous, but students must complete service learning activities in-person at a site of their choosing to be approved by"
the instructor in accord with the course design.



This class satisfies the Engaged Learning requirement in the Service Learning category.
____________________________________________________________________________________________________________________________________________________________,
COMP, 391,02E,6120,Internship in CS,Field Studies,1 - 6,,
,,,,,,(Online)
Bldg:,TBA,Room:,TBA,Days:,TBA,Time:,TBA,Instructor:,"Yacobellis,Robert"
,,,,,,,,,"Greenberg,Ronald I"
Class Enrl Cap:,20,Class Enrl Tot:,0,Class Wait Cap:,0,Class Wait Tot:,0,Class Min Enrl:,0
Attributes:,Engaged Learning
Room Characteristics:,Classroom Not Needed(1)
,,,,
"This is an online class.  This class satisfies the Engaged Learning requirement in the Internship category.  Department Consent is required, and then a"
Computer Science Department staff member will enroll you.
____________________________________________________________________________________________________________________________________________________________,
COMP, 443,002,4848,Computer Networks,Lecture,3,,
,,,,,,(Online)
Bldg:,TBA,Room:,TBA,Days:,TBA,Time:,TBA,Instructor:,"Dordal,Peter L"
Class Enrl Cap:,25,Class Enrl Tot:,0,Class Wait Cap:,0,Class Wait Tot:,0,Class Min Enrl:,0
Room Characteristics:,Classroom Not Needed(1)
Combined Section ID:,1888(COMP 443-002 / COMP 343-002), -,COMP 343(#4826)

This is an online class that includes synchronous and asynchronous interaction among students and Instructor.  Synchronous discussion sessions will be held
"Mondays and Tuesdays at 2:30 pm, and may vary in length from 30 minutes to one hour.  Participation in synchronous sessions is strongly recommended."
Combined with COMP 343-002.
____________________________________________________________________________________________________________________________________________________________,
COMP, 447,002,4850,Intrusion Detection,Lecture,3,,
,,,,,,(Online)
Bldg:,TBA,Room:,TBA,Days:,TBA,Time:,TBA,Instructor:,"Schmitz,Corby"
Class Enrl Cap:,25,Class Enrl Tot:,0,Class Wait Cap:,0,Class Wait Tot:,0,Class Min Enrl:,0
Room Characteristics:,Classroom Not Needed(1)
Combined Section ID:,1899(COMP 347-002 / COMP 447-002), -,COMP 347(#4831)

"This is an online class.  The classroom session will be broadcast live on Friday evenings via AdobeConnect, allowing online student interaction.  Sessions"
will also be recorded and made available.  Students may participate synchronously or asynchronously at their discretion.  Combined with COMP 347-002.
____________________________________________________________________________________________________________________________________________________________,,
COMP, 453,002,4053,Database Programming,Lecture,3,,
,,,,,,(Online)
Bldg:,TBA,Room:,TBA,Days:,TBA,Time:,TBA,Instructor:,"Naiman,Channah"
Class Enrl Cap:,25,Class Enrl Tot:,0,Class Wait Cap:,0,Class Wait Tot:,0,Class Min Enrl:,0
Room Characteristics:,Classroom Not Needed(1)
,,,,
"This is an online, asynchronous class.  Students may be asked to attend smaller-group online interactive discussions during the semester, with possible"
times chosen to fit different groups' schedules.  Exams may be synchronous and in-person.
____________________________________________________________________________________________________________________________________________________________,
COMP, 464,001,4852,High-Performance Computing,Lecture,3,,
,,,,,,(Online)
Bldg:,TBA,Room:,TBA,Days:,W,Time:,07:00PM-09:30,Instructor:,"Stone,Christopher"
Class Enrl Cap:,35,Class Enrl Tot:,0,Class Wait Cap:,0,Class Wait Tot:,0,Class Min Enrl:,0
Room Characteristics:,Classroom Not Needed(1)
Combined Section ID:,1900(COMP 364-001 / COMP 464-001), -,COMP 364(#4832)

Combined with COMP 364-001
____________________________________________________________________________________________________________________________________________________________,
COMP, 488,305,6067,Top:,Lecture,3,Database Administration,
,,,,,,(Online)
Bldg:,TBA,Room:,TBA,Days:,TBA,Time:,TBA,Instructor:
Class Enrl Cap:,25,Class Enrl Tot:,0,Class Wait Cap:,0,Class Wait Tot:,0,Class Min Enrl:,0
Room Characteristics:,Classroom Not Needed(1)
Combined Section ID:,1905(COMP 305-001 / COMP 488-305), -,COMP 305(#5994)

Database Administration



Combined with COMP 305-001
____________________________________________________________________________________________________________________________________________________________,
COMP, 499,002,6121,Internship,Independent Study,1 - 6,,
,,,,,,(Online)
Bldg:,TBA,Room:,TBA,Days:,TBA,Time:,TBA,Instructor:,"Harrington,Andrew N"
,,,,,,,,,"Naiman,Channah"
Class Enrl Cap:,20,Class Enrl Tot:,0,Class Wait Cap:,0,Class Wait Tot:,0,Class Min Enrl:,0
Room Characteristics:,Classroom Not Needed(1)
,,,,
"This is an online class.  This course involves an internship experience.  Department Consent required, and then a Computer Science Department staff member"
will enroll you.
____________________________________________________________________________________________________________________________________________________________,
,,,,,,,,
Report ID:  SR201,Loyola University Chicago,Page No.,23,of,32
Schedule of Classes for Fall 2017,Run Date:,03/17/2017
Campus: Online Campus   Location: Online Campus,Run Time:,19:40:27
Eight Week - First
College of Arts and Sciences - Computer Science - Subject: Computer Science

____________________________________________________________________________________________________________________________________________________________,Subject,Catalog Nbr,Section,Class Nbr,Course Title,Component,Units,Topics
COMP, 170,700N,5217,Intro Obj-Oriented Prog,Lecture,3,,
,,,,,,(Online)
Bldg:,Online,Room:,,Days:,Tu,Time:,07:30PM-09:00,Instructor:,"Fatima,Safoora"
Class Enrl Cap:,20,Class Enrl Tot:,0,Class Wait Cap:,0,Class Wait Tot:,0,Class Min Enrl:,0
Attributes:,Bioinformatics
Class Equivalents:,COMP170/ISOM/INFS370
Room Characteristics:,Classroom Not Needed(1)
,,,,
COMP 170-700N is reserved for students in the School of Continuing & Professional Studies. For more information go to
http://www.luc.edu/adult-education/admission/nonscps-enrollment/
COMP 170-700N is an online section. Required class meetings will be held Tuesdays 7:30-9PM CST.
____________________________________________________________________________________________________________________________________________________________,
,,,,,,,,
Report ID:  SR201,Loyola University Chicago,Page No.,24,of,32
Schedule of Classes for Fall 2017,Run Date:,03/17/2017
Campus: Online Campus   Location: Online Campus,Run Time:,19:40:27
Eight Week - Second
College of Arts and Sciences - Computer Science - Subject: Computer Science

____________________________________________________________________________________________________________________________________________________________,Subject,Catalog Nbr,Section,Class Nbr,Course Title,Component,Units,Topics
COMP, 251,700N,5222,Intro to Database Systems,Lecture,3,,
,,,,,,(Online)
Bldg:,TBA,Room:,TBA,Days:,Tu,Time:,07:30PM-09:00,Instructor:,"Fatima,Safoora"
Class Enrl Cap:,20,Class Enrl Tot:,0,Class Wait Cap:,0,Class Wait Tot:,0,Class Min Enrl:,0
Class Equivalents:,COMP 251 / COMP 368
Room Characteristics:,Classroom Not Needed(1)
,,,,
COMP 251-700N is reserved for students in the School of Continuing & Professional Studies. For more information go to
http://www.luc.edu/adult-education/admission/nonscps-enrollment/
COMP 251-700N is an online section. Required synchronous sessions will be held Tuesdays 7:30-9PM CST
____________________________________________________________________________________________________________________________________________________________,
,,,,,,,,
Report ID:  SR201,Loyola University Chicago,Page No.,25,of,32
Schedule of Classes for Fall 2017,Run Date:,03/17/2017
Campus: Water Tower Campus   Location: Water Tower Campus,Run Time:,19:40:27
Regular Academic Session
College of Arts and Sciences - Computer Science - Subject: Computer Science

____________________________________________________________________________________________________________________________________________________________,Subject,Catalog Nbr,Section,Class Nbr,Course Title,Component,Units,Topics
COMP, 324,001,4820,Client-Side Web Development,Lecture,3,,
,,,,,,(In person)
Bldg:,Corboy Law Center,Room:,L08,Days:,M,Time:,04:15PM-06:45,Instructor:,"Hayward,Nicholas J"
Class Enrl Cap:,35,Class Enrl Tot:,0,Class Wait Cap:,0,Class Wait Tot:,0,Class Min Enrl:,0
Room Characteristics:,Electronic Classroom(1)
Combined Section ID:,1889(COMP 424-001 / COMP 324-001), -,COMP 424(#4844)

Combined with COMP 424-001
____________________________________________________________________________________________________________________________________________________________,
COMP, 333,001,4827,Web Services Programming,Lecture,3,,
,,,,,,(In person)
Bldg:,School of Communicat,Room:,010,Days:,Tu,Time:,07:00PM-09:30,Instructor:,"Zewdie,Berhane"
Class Enrl Cap:,35,Class Enrl Tot:,0,Class Wait Cap:,0,Class Wait Tot:,0,Class Min Enrl:,0
Room Characteristics:,Electronic Classroom(1)
,,,,
Combined with COMP 433-001
____________________________________________________________________________________________________________________________________________________________,
COMP, 336,001,4821,Markup Languages,Lecture,3,,
,,,,,,(In person)
Bldg:,Corboy Law Center,Room:,L08,Days:,W,Time:,04:15PM-06:45,Instructor:,"Hayward,Nicholas J"
Class Enrl Cap:,35,Class Enrl Tot:,0,Class Wait Cap:,0,Class Wait Tot:,0,Class Min Enrl:,0
Room Characteristics:,Electronic Classroom(1)
Combined Section ID:,1890(COMP 336-001/ COMP 436-001), -,COMP 436(#4846)
,,,,,,
Combined with COMP 436-001
____________________________________________________________________________________________________________________________________________________________,
COMP, 343,001,4823,Intro to Computer Network,Lecture,3,,
,,,,,,(In person)
Bldg:,Corboy Law Center,Room:,L08,Days:,Tu,Time:,04:15PM-06:45,Instructor:,"Dordal,Peter L"
Class Enrl Cap:,30,Class Enrl Tot:,0,Class Wait Cap:,0,Class Wait Tot:,0,Class Min Enrl:,0
Room Characteristics:,Electronic Classroom(1)
Combined Section ID:,1887(COMP 443-001/ COMP 343-001), -,COMP 443(#4847)
,,,,,,
Combined with COMP 443-001
____________________________________________________________________________________________________________________________________________________________,
,,,,,,,,
Report ID:  SR201,Loyola University Chicago,Page No.,26,of,32
Schedule of Classes for Fall 2017,Run Date:,03/17/2017
Campus: Water Tower Campus   Location: Water Tower Campus,Run Time:,19:40:27
Regular Academic Session
College of Arts and Sciences - Computer Science - Subject: Computer Science

____________________________________________________________________________________________________________________________________________________________,Subject,Catalog Nbr,Section,Class Nbr,Course Title,Component,Units,Topics
COMP, 346,001,6006,Intro Telecommunications,Lecture,3,,
,,,,,,(Blended)
Bldg:,Corboy Law Center,Room:,0302,Days:,W,Time:,07:00PM-09:30,Instructor:
Class Enrl Cap:,35,Class Enrl Tot:,0,Class Wait Cap:,0,Class Wait Tot:,0,Class Min Enrl:,0
Room Characteristics:,Electronic Classroom(1)
Combined Section ID:,1906(COMP 346-001/ COMP 446-001), -,COMP 446(#6064)
,,,,,,
Combined with COMP 446-001
____________________________________________________________________________________________________________________________________________________________,
COMP, 347,001,4830,Intro Computer Security,Lecture,3,,
,,,,,,(In person)
Bldg:,Corboy Law Center,Room:,0303,Days:,F,Time:,05:45PM-08:15,Instructor:,"Schmitz,Corby"
Class Enrl Cap:,30,Class Enrl Tot:,0,Class Wait Cap:,0,Class Wait Tot:,0,Class Min Enrl:,0
Room Characteristics:,Electronic Classroom(1)
Combined Section ID:,1898(COMP 347-001 / COMP 447-001), -,COMP 447(#4849)

Combined with COMP 447-001
____________________________________________________________________________________________________________________________________________________________,
COMP, 377,001,6007,IT Project Management,Lecture,3,,
,,,,,,(In person)
Bldg:,Corboy Law Center,Room:,0302,Days:,M,Time:,07:00PM-09:30,Instructor:,"Weisert,Conrad"
Class Enrl Cap:,35,Class Enrl Tot:,0,Class Wait Cap:,0,Class Wait Tot:,0,Class Min Enrl:,0
Room Characteristics:,Electronic Classroom(1)
Combined Section ID:,1901(COMP 377-001 / COMP 477-001), -,COMP 477(#6065)

Combined with COMP 477-001
____________________________________________________________________________________________________________________________________________________________,
COMP, 388,001,6009,Topics:,Lecture,3,DevOps: MethodsToolsPractices,
,,,,,,(In person)
Bldg:,Corboy Law Center,Room:,0201,Days:,F,Time:,05:45PM-08:15,Instructor:,"Saenz,Maria Del Carmen"
Class Enrl Cap:,35,Class Enrl Tot:,0,Class Wait Cap:,0,Class Wait Tot:,0,Class Min Enrl:,0
Room Characteristics:,Lab - Computer(1)
Combined Section ID:,1897(COMP 388-001 / COMP 488-001), -,COMP 488(#6066)

"DevOps: Methods, Tools & Practices
"


Combined with COMP 488-001
____________________________________________________________________________________________________________________________________________________________,
,,,,,,,,
Report ID:  SR201,Loyola University Chicago,Page No.,27,of,32
Schedule of Classes for Fall 2017,Run Date:,03/17/2017
Campus: Water Tower Campus   Location: Water Tower Campus,Run Time:,19:40:27
Regular Academic Session
College of Arts and Sciences - Computer Science - Subject: Computer Science

____________________________________________________________________________________________________________________________________________________________,Subject,Catalog Nbr,Section,Class Nbr,Course Title,Component,Units,Topics
COMP, 388,796,6011,Topics:,Lecture,3,Data Warehousing,
,,,,,,(In person)
Bldg:,Corboy Law Center,Room:,L08,Days:,Th,Time:,07:00PM-09:30,Instructor:
Class Enrl Cap:,35,Class Enrl Tot:,0,Class Wait Cap:,0,Class Wait Tot:,0,Class Min Enrl:,0
Room Characteristics:,Electronic Classroom(1)
Combined Section ID:,1904(COMP 388-796 / COMP 488-796), -,COMP 488(#6071)

Data Warehousing



Combined with COMP 488-796
____________________________________________________________________________________________________________________________________________________________,
COMP, 424,001,4844,Client-Side Web Design,Lecture,3,,
,,,,,,(In person)
Bldg:,Corboy Law Center,Room:,L08,Days:,M,Time:,04:15PM-06:45,Instructor:,"Hayward,Nicholas J"
Class Enrl Cap:,35,Class Enrl Tot:,0,Class Wait Cap:,0,Class Wait Tot:,0,Class Min Enrl:,0
Room Characteristics:,Electronic Classroom(1)
Combined Section ID:,1889(COMP 424-001 / COMP 324-001), -,COMP 324(#4820)

Combined with COMP 324-001
____________________________________________________________________________________________________________________________________________________________,
COMP, 433,001,4845,Web Services Programming,Lecture,3,,
,,,,,,(In person)
Bldg:,Corboy Law Center,Room:,L09,Days:,Tu,Time:,07:00PM-09:30,Instructor:,"Zewdie,Berhane"
Class Enrl Cap:,35,Class Enrl Tot:,0,Class Wait Cap:,0,Class Wait Tot:,0,Class Min Enrl:,0
Room Characteristics:,Electronic Classroom(1)
,,,,
Combined with COMP 344-001
____________________________________________________________________________________________________________________________________________________________,
COMP, 436,001,4846,Markup Languages,Lecture,3,,
,,,,,,(In person)
Bldg:,Corboy Law Center,Room:,L08,Days:,W,Time:,04:15PM-06:45,Instructor:,"Hayward,Nicholas J"
Class Enrl Cap:,35,Class Enrl Tot:,0,Class Wait Cap:,0,Class Wait Tot:,0,Class Min Enrl:,0
Room Characteristics:,Electronic Classroom(1)
Combined Section ID:,1890(COMP 336-001/ COMP 436-001), -,COMP 336(#4821)
,,,,,,
"Prerequisite for students in the MA in Digital Humanities program: DIGH 402 taken in spring 2016 or previously, or COMP 271."
Combined with COMP 336-001
____________________________________________________________________________________________________________________________________________________________,
,,,,,,,,
Report ID:  SR201,Loyola University Chicago,Page No.,28,of,32
Schedule of Classes for Fall 2017,Run Date:,03/17/2017
Campus: Water Tower Campus   Location: Water Tower Campus,Run Time:,19:40:27
Regular Academic Session
College of Arts and Sciences - Computer Science - Subject: Computer Science

____________________________________________________________________________________________________________________________________________________________,Subject,Catalog Nbr,Section,Class Nbr,Course Title,Component,Units,Topics
COMP, 443,001,4847,Computer Networks,Lecture,3,,
,,,,,,(In person)
Bldg:,Corboy Law Center,Room:,L08,Days:,Tu,Time:,04:15PM-06:45,Instructor:,"Dordal,Peter L"
Class Enrl Cap:,30,Class Enrl Tot:,0,Class Wait Cap:,0,Class Wait Tot:,0,Class Min Enrl:,0
Room Characteristics:,Electronic Classroom(1)
Combined Section ID:,1887(COMP 443-001/ COMP 343-001), -,COMP 343(#4823)
,,,,,,
Combined with COMP 343-001
____________________________________________________________________________________________________________________________________________________________,
COMP, 446,001,6064,Telecommunications,Lecture,3,,
,,,,,,(Blended)
Bldg:,Corboy Law Center,Room:,0302,Days:,W,Time:,07:00PM-09:30,Instructor:
Class Enrl Cap:,35,Class Enrl Tot:,0,Class Wait Cap:,0,Class Wait Tot:,0,Class Min Enrl:,0
Room Characteristics:,Electronic Classroom(1)
Combined Section ID:,1906(COMP 346-001/ COMP 446-001), -,COMP 346(#6006)
,,,,,,
Combined with COMP 346-001
____________________________________________________________________________________________________________________________________________________________,
COMP, 447,001,4849,Intrusion Detection,Lecture,3,,
,,,,,,(In person)
Bldg:,Corboy Law Center,Room:,0303,Days:,F,Time:,05:45PM-08:15,Instructor:,"Schmitz,Corby"
Class Enrl Cap:,30,Class Enrl Tot:,0,Class Wait Cap:,0,Class Wait Tot:,0,Class Min Enrl:,0
Room Characteristics:,Electronic Classroom(1)
Combined Section ID:,1898(COMP 347-001 / COMP 447-001), -,COMP 347(#4830)

Combined with COMP 347-001
____________________________________________________________________________________________________________________________________________________________,
COMP, 453,001,3267,Database Programming,Lecture,3,,
,,,,,,(In person)
Bldg:,School of Communicat,Room:,014,Days:,Tu,Time:,04:15PM-06:45,Instructor:,"Naiman,Channah"
Class Enrl Cap:,30,Class Enrl Tot:,0,Class Wait Cap:,0,Class Wait Tot:,0,Class Min Enrl:,0
Room Characteristics:,Electronic Classroom(1)
,,,,
"This is a on-campus class, with regular attendance required in the classroom.  The course will use a "flipped" approach for the second half of the course."
Some lectures may be online.
____________________________________________________________________________________________________________________________________________________________,
,,,,,,,,
Report ID:  SR201,Loyola University Chicago,Page No.,29,of,32
Schedule of Classes for Fall 2017,Run Date:,03/17/2017
Campus: Water Tower Campus   Location: Water Tower Campus,Run Time:,19:40:27
Regular Academic Session
College of Arts and Sciences - Computer Science - Subject: Computer Science

____________________________________________________________________________________________________________________________________________________________,Subject,Catalog Nbr,Section,Class Nbr,Course Title,Component,Units,Topics
COMP, 477,001,6065,IT Project Management,Lecture,3,,
,,,,,,(In person)
Bldg:,Corboy Law Center,Room:,0302,Days:,M,Time:,07:00PM-09:30,Instructor:,"Weisert,Conrad"
Class Enrl Cap:,35,Class Enrl Tot:,0,Class Wait Cap:,0,Class Wait Tot:,0,Class Min Enrl:,0
Room Characteristics:,Electronic Classroom(1)
Combined Section ID:,1901(COMP 377-001 / COMP 477-001), -,COMP 377(#6007)

Combined with COMP 377-001
____________________________________________________________________________________________________________________________________________________________,
COMP, 488,001,6066,Top:,Lecture,3,DevOps: MethodsToolsPractices,
,,,,,,(In person)
Bldg:,Corboy Law Center,Room:,0201,Days:,F,Time:,05:45PM-08:15,Instructor:,"Saenz,Maria Del Carmen"
Class Enrl Cap:,25,Class Enrl Tot:,0,Class Wait Cap:,0,Class Wait Tot:,0,Class Min Enrl:,0
Room Characteristics:,Lab - Computer(1)
Combined Section ID:,1897(COMP 388-001 / COMP 488-001), -,COMP 388(#6009)

"DevOps: Methods, Tools & Practices
"


Combined with COMP 388-001
____________________________________________________________________________________________________________________________________________________________,
COMP, 488,796,6071,Top:,Lecture,3,Data Warehouse & Mining,
,,,,,,(In person)
Bldg:,Corboy Law Center,Room:,L08,Days:,Th,Time:,07:00PM-09:30,Instructor:
Class Enrl Cap:,35,Class Enrl Tot:,0,Class Wait Cap:,0,Class Wait Tot:,0,Class Min Enrl:,0
Room Characteristics:,Electronic Classroom(1)
Combined Section ID:,1904(COMP 388-796 / COMP 488-796), -,COMP 388(#6011)

Data Warehousing



Combined with COMP 388-796
____________________________________________________________________________________________________________________________________________________________,
COMP, 499,001,2182,Internship,Independent Study,1 - 6,,
,,,,,,(In person)
Bldg:,TBA,Room:,TBA,Days:,TBA,Time:,TBA,Instructor:,"Harrington,Andrew N"
,,,,,,,,,"Naiman,Channah"
Class Enrl Cap:,20,Class Enrl Tot:,0,Class Wait Cap:,0,Class Wait Tot:,0,Class Min Enrl:,0
Room Characteristics:,Classroom Not Needed(1)
,,,,
"This course involves an internship experience.  Department Consent required, and then a Computer Science Department staff member will enroll you."
____________________________________________________________________________________________________________________________________________________________,
,,,,,,,,
Report ID:  SR201,Loyola University Chicago,Page No.,30,of,32
Schedule of Classes for Fall 2017,Run Date:,03/17/2017
Campus: Water Tower Campus   Location: Water Tower Campus,Run Time:,19:40:27
Regular Academic Session
College of Arts and Sciences - Computer Science - Subject: Computer Science

____________________________________________________________________________________________________________________________________________________________,Subject,Catalog Nbr,Section,Class Nbr,Course Title,Component,Units,Topics
COMP, 605,001,3077,Master of Science Study,FTC-Supervision,0,,
,,,,,,(In person)
Bldg:,TBA,Room:,TBA,Days:,TBA,Time:,TBA,Instructor:
Class Enrl Cap:,20,Class Enrl Tot:,0,Class Wait Cap:,0,Class Wait Tot:,0,Class Min Enrl:,0
Room Characteristics:,Classroom Not Needed(1)
,,,,
"Department Consent required, and then a Computer Science Department staff member will enroll you."
____________________________________________________________________________________________________________________________________________________________,
,,,,,,,,
Report ID:  SR201,Loyola University Chicago,Page No.,31,of,32
Schedule of Classes for Fall 2017,Run Date:,03/17/2017
Campus: Water Tower Campus   Location: Water Tower Campus,Run Time:,19:40:27
Eight Week - Second
College of Arts and Sciences - Computer Science - Subject: Computer Science

____________________________________________________________________________________________________________________________________________________________,Subject,Catalog Nbr,Section,Class Nbr,Course Title,Component,Units,Topics
COMP, 271,400,6107,Data Structs and Apps,Lecture,3,,
,,,,,,(In person)
Bldg:,Lewis Towers,Room:,410,Days:,M,Time:,04:15PM-08:15,Instructor:,"Dordal,Peter L"
Bldg:,Lewis Towers,Room:,410,Days:,Th,Time:,04:15PM-06:30,Instructor:,"Dordal,Peter L"
Class Enrl Cap:,25,Class Enrl Tot:,0,Class Wait Cap:,0,Class Wait Tot:,0,Class Min Enrl:,0
Attributes:,Bioinformatics
Room Characteristics:,Lab - Computer(1)
____________________________________________________________________________________________________________________________________________________________,
,,,,,,,,
Report ID:  SR201,Loyola University Chicago,Page No.,32,of,32
Schedule of Classes for Fall 2017,Run Date:,03/17/2017
Campus: Water Tower Campus   Location: Water Tower Campus,Run Time:,19:40:27
Eight Week 1 - Alternate
College of Arts and Sciences - Computer Science - Subject: Computer Science

____________________________________________________________________________________________________________________________________________________________,Subject,Catalog Nbr,Section,Class Nbr,Course Title,Component,Units,Topics
COMP, 170,400,6220,Intro Obj-Oriented Prog,Lecture,3,,
,,,,,,(In person)
Bldg:,Lewis Towers,Room:,410,Days:,M,Time:,04:15PM-08:15,Instructor:,"Harrington,Andrew N"
Bldg:,Lewis Towers,Room:,410,Days:,Th,Time:,04:15PM-06:30,Instructor:,"Harrington,Andrew N"
Bldg:,Lewis Towers,Room:,410,Days:,F,Time:,04:15PM-08:15,Instructor:,"Harrington,Andrew N"
Bldg:,Lewis Towers,Room:,410,Days:,F,Time:,04:15PM-08:15,Instructor:,"Harrington,Andrew N"
Class Enrl Cap:,25,Class Enrl Tot:,0,Class Wait Cap:,0,Class Wait Tot:,0,Class Min Enrl:,0
Attributes:,Bioinformatics
Class Equivalents:,COMP170/ISOM/INFS370
Room Characteristics:,Lab - Computer(1)

Foundations of Computer Science I.  Eight Week-First Session.



"This section is restricted to students with undergraduate degrees.  Department Consent required, and then a Computer Science Department staff member will"
enroll you.



"COMP 170-400 meets on Mondays, 4:15 pm - 8:15 pm, for the first eight weeks of the Semester, replacing holiday/vacation Mondays with Fridays.  So the"
"Monday/Friday class schedule is: Mon, Aug 28; Fri, Sept 8; Mon, Sept 11; Mon, Sept 18; Mon, Sept 25; Mon, Oct 2; Fri, Oct 13; and Mon, Oct 16.
"


"Labs meet on consecutive Thursdays, 4:15 pm - 6:30 pm: Thurs, Aug 31 through Thurs, Oct 19."
____________________________________________________________________________________________________________________________________________________________,
,,,,,,,,
