Report ID:  SR201,Loyola University Chicago,Page No.,1,of,31
Schedule of Classes for Spring 2019,Run Date:,10/15/2018
Campus: Lake Shore Campus   Location: Lake Shore Campus,Run Time:,15:09:01
Regular Academic Session
College of Arts and Sciences - Computer Science - Subject: Computer Science

____________________________________________________________________________________________________________________________________________________________,Subject,Catalog Nbr,Section,Class Nbr,Course Title,Component,Units,Topics
COMP, 125,001,2534,Visual Information Processing,Laboratory,3,,
,,,,,,(In person)
Bldg:,Sullivan Center,Room:,253,Days:,MWF,Time:,12:35PM-01:25,Instructor:,"Hayward,Nicholas J"
Class Enrl Cap:,24,Class Enrl Tot:,0,Class Wait Cap:,0,Class Wait Tot:,0,Class Min Enrl:,0
Attributes:,Quantitative Knowledge
Room Characteristics:,Lab - Computer(1)

This course is restricted to undergraduate students.  Graduate students wishing to enroll in a section of this course should contact their departmental
graduate advisor.
____________________________________________________________________________________________________________________________________________________________,
COMP, 125,002,2624,Visual Information Processing,Laboratory,3,,
,,,,,,(In person)
Bldg:,Crown Center,Room:,105,Days:,Tu,Time:,06:00PM-08:30,Instructor:,"Nguyen,Vincent"
Class Enrl Cap:,39,Class Enrl Tot:,0,Class Wait Cap:,0,Class Wait Tot:,0,Class Min Enrl:,0
Attributes:,Quantitative Knowledge
Room Characteristics:,Lab - Computer(1)

This course is restricted to undergraduate students.  Graduate students wishing to enroll in a section of this course should contact their departmental
graduate advisor.
____________________________________________________________________________________________________________________________________________________________,
COMP, 150,001,2535,Introduction to Computing,Lecture,3,,
,,,,,,(Blended)
Bldg:,Crown Center,Room:,105,Days:,MWF,Time:,12:35PM-01:25,Instructor:,"Dordal,Peter L"
Class Enrl Cap:,39,Class Enrl Tot:,0,Class Wait Cap:,0,Class Wait Tot:,0,Class Min Enrl:,0
Attributes:,Quantitative Knowledge
Class Equivalents:,ACCOMP 150/COMP 150
Room Characteristics:,Lab - Computer(1)

This is a blended class.  More details will be forthcoming.



This course is restricted to undergraduate students.  Graduate students wishing to enroll in a section of this course should contact their departmental
graduate advisor.
____________________________________________________________________________________________________________________________________________________________,
COMP, 150,002,2538,Introduction to Computing,Lecture,3,,
,,,,,,(Hybrid)
Bldg:,Crown Center,Room:,103,Days:,Tu,Time:,07:00PM-09:30,Instructor:,"O'Sullivan,John Nikolas"
Class Enrl Cap:,45,Class Enrl Tot:,0,Class Wait Cap:,0,Class Wait Tot:,0,Class Min Enrl:,0
Attributes:,Quantitative Knowledge
Class Equivalents:,ACCOMP 150/COMP 150
Room Characteristics:,Lab - Computer(1)

This is a hybrid class.  More details will be forthcoming.



This course is restricted to undergraduate students.  Graduate students wishing to enroll in a section of this course should contact their departmental
graduate advisor.
____________________________________________________________________________________________________________________________________________________________,
COMP, 150,003,2539,Introduction to Computing,Lecture,3,,
,,,,,,(In person)
Bldg:,Crown Center,Room:,105,Days:,Th,Time:,07:00PM-09:30,Instructor:,"Lewis,Michael"
Class Enrl Cap:,39,Class Enrl Tot:,0,Class Wait Cap:,0,Class Wait Tot:,0,Class Min Enrl:,0
Attributes:,Quantitative Knowledge
Class Equivalents:,ACCOMP 150/COMP 150
Room Characteristics:,Lab - Computer(1)

This course is restricted to undergraduate students.  Graduate students wishing to enroll in a section of this course should contact their departmental
graduate advisor.
____________________________________________________________________________________________________________________________________________________________,
COMP, 150,004,5959,Introduction to Computing,Lecture,3,,
,,,,,,(In person)
Bldg:,Crown Center,Room:,105,Days:,M,Time:,07:00PM-09:30,Instructor:,"Nguyen,Vincent"
Class Enrl Cap:,39,Class Enrl Tot:,0,Class Wait Cap:,0,Class Wait Tot:,0,Class Min Enrl:,0
Attributes:,Quantitative Knowledge
Class Equivalents:,ACCOMP 150/COMP 150
Room Characteristics:,Lab - Computer(1)

This course is restricted to undergraduate students.  Graduate students wishing to enroll in a section of this course should contact their departmental
graduate advisor.
____________________________________________________________________________________________________________________________________________________________,
COMP, 163,001,2983,Discrete Structures,Lecture,3,,
,,,,,,(In person)
Bldg:,Cuneo Hall,Room:,311,Days:,TuTh,Time:,08:30AM-09:45,Instructor:,"Turkoglu,Duru"
Class Enrl Cap:,25,Class Enrl Tot:,0,Class Wait Cap:,0,Class Wait Tot:,0,Class Min Enrl:,0
Attributes:,"Quantitative Knowledge, Bioinformatics"
Class Equivalents:,COMP211/COMP163
Room Characteristics:,Electronic Classroom(1)
,,,,
This course is primarily intended to serve certain majors and minors.  Students wishing to satisfy Core requirements in the Quantitative Analysis knowledge
area are encouraged to enroll in COMP 125 or COMP 150 instead.



This course is restricted to undergraduate students.  Graduate students wishing to enroll in a section of this course should contact their departmental
graduate advisor.
____________________________________________________________________________________________________________________________________________________________,
COMP, 163,002,3501,Discrete Structures,Lecture,3,,
,,,,,,(In person)
Bldg:,Dumbach Hall,Room:,004,Days:,MW,Time:,02:45PM-04:00,Instructor:,"Lopez,Nathan"
Class Enrl Cap:,25,Class Enrl Tot:,0,Class Wait Cap:,0,Class Wait Tot:,0,Class Min Enrl:,0
Attributes:,"Quantitative Knowledge, Bioinformatics"
Class Equivalents:,COMP211/COMP163
Room Characteristics:,Electronic Classroom(1)
,,,,
This course is primarily intended to serve certain majors and minors.  Students wishing to satisfy Core requirements in the Quantitative Analysis knowledge
area are encouraged to enroll in COMP 125 or COMP 150 instead.



This course is restricted to undergraduate students.  Graduate students wishing to enroll in a section of this course should contact their departmental
graduate advisor.
____________________________________________________________________________________________________________________________________________________________,
COMP, 163,003,5121,Discrete Structures,Lecture,3,,
,,,,,,(In person)
Bldg:,Dumbach Hall,Room:,004,Days:,MW,Time:,04:15PM-05:30,Instructor:,"Lopez,Nathan"
Class Enrl Cap:,25,Class Enrl Tot:,0,Class Wait Cap:,0,Class Wait Tot:,0,Class Min Enrl:,0
Attributes:,"Quantitative Knowledge, Bioinformatics"
Class Equivalents:,COMP211/COMP163
Room Characteristics:,Electronic Classroom(1)
,,,,
This course is primarily intended to serve certain majors and minors.  Students wishing to satisfy Core requirements in the Quantitative Analysis knowledge
area are encouraged to enroll in COMP 125 or COMP 150 instead.



This course is restricted to undergraduate students.  Graduate students wishing to enroll in a section of this course should contact their departmental
graduate advisor.
____________________________________________________________________________________________________________________________________________________________,
COMP, 170,001,2858,Intro Obj-Oriented Prog,Lecture,3,,
,,,,,,(In person)
Bldg:,Cuneo Hall,Room:,311,Days:,MWF,Time:,08:15AM-09:05,Instructor:,"Yacobellis,Robert"
Class Enrl Cap:,39,Class Enrl Tot:,0,Class Wait Cap:,0,Class Wait Tot:,0,Class Min Enrl:,0
Attributes:,Bioinformatics
Class Equivalents:,COMP170/ISOM/INFS370
Room Characteristics:,Electronic Classroom(1)
,,,,
This course is restricted to students in the College of Arts and Sciences.  Students from other schools specifically wishing to enroll in COMP 170 should
contact the Computer Science Department to request an enrollment override.



This course is restricted to undergraduate students.  Graduate students wishing to enroll in a section of this course should contact their departmental
graduate advisor.
____________________________________________________________________________________________________________________________________________________________,
COMP, 170,002,2859,Intro Obj-Oriented Prog,Lecture,3,,
,,,,,,(In person)
Bldg:,Cuneo Hall,Room:,311,Days:,TuTh,Time:,02:30PM-04:25,Instructor:,"Chan-Tin,David Eric"
Class Enrl Cap:,25,Class Enrl Tot:,0,Class Wait Cap:,0,Class Wait Tot:,0,Class Min Enrl:,0
Attributes:,Bioinformatics
Class Equivalents:,COMP170/ISOM/INFS370
Room Characteristics:,Electronic Classroom(1)
,,,,
This course is restricted to students in the College of Arts and Sciences.  Students from other schools specifically wishing to enroll in COMP 170 should
contact the Computer Science Department to request an enrollment override.



This course is restricted to undergraduate students.  Graduate students wishing to enroll in a section of this course should contact their departmental
graduate advisor.
____________________________________________________________________________________________________________________________________________________________,
COMP, 170,003,2861,Intro Obj-Oriented Prog,Lecture,3,,
,,,,,,(In person)
Bldg:,Cuneo Hall,Room:,311,Days:,TuTh,Time:,10:00AM-11:15,Instructor:,"Honig,William"
Class Enrl Cap:,25,Class Enrl Tot:,0,Class Wait Cap:,0,Class Wait Tot:,0,Class Min Enrl:,0
Attributes:,Bioinformatics
Class Equivalents:,COMP170/ISOM/INFS370
Room Characteristics:,Electronic Classroom(1)
,,,,
This course is restricted to students in the College of Arts and Sciences.  Students from other schools specifically wishing to enroll in COMP 170 should
contact the Computer Science Department to request an enrollment override.



Students enrolled in COMP 170-003 (Lecture) will be automatically enrolled in COMP 170-03L (Lab).



This course is restricted to undergraduate students.  Graduate students wishing to enroll in a section of this course should contact their departmental
graduate advisor.
____________________________________________________________________________________________________________________________________________________________,
COMP, 170,004,2978,Intro Obj-Oriented Prog,Lecture,3,,
,,,,,,(In person)
Bldg:,Cuneo Hall,Room:,311,Days:,TuTh,Time:,01:00PM-02:15,Instructor:,"Honig,William"
Class Enrl Cap:,25,Class Enrl Tot:,0,Class Wait Cap:,0,Class Wait Tot:,0,Class Min Enrl:,0
Attributes:,Bioinformatics
Class Equivalents:,COMP170/ISOM/INFS370
Room Characteristics:,Electronic Classroom(1)
,,,,
This course is restricted to students in the College of Arts and Sciences.  Students from other schools specifically wishing to enroll in COMP 170 should
contact the Computer Science Department to request an enrollment override.



Students enrolled in COMP 170-004 (Lecture) will be automatically enrolled in COMP 170-04L (Lab).



This course is restricted to undergraduate students.  Graduate students wishing to enroll in a section of this course should contact their departmental
graduate advisor.
____________________________________________________________________________________________________________________________________________________________,
COMP, 170,005,5981,Intro Obj-Oriented Prog,Lecture,3,,
,,,,,,(Hybrid)
Bldg:,Cuneo Hall,Room:,311,Days:,MWF,Time:,10:25AM-11:15,Instructor:,"Harrington,Andrew N"
Class Enrl Cap:,25,Class Enrl Tot:,0,Class Wait Cap:,0,Class Wait Tot:,0,Class Min Enrl:,0
Attributes:,Bioinformatics
Class Equivalents:,COMP170/ISOM/INFS370
Room Characteristics:,Electronic Classroom(1)
,,,,
This is a hybrid class.  More details will be forthcoming.



This course is restricted to students in the College of Arts and Sciences.  Students from other schools specifically wishing to enroll in COMP 170 should
contact the Computer Science Department to request an enrollment override.



Students enrolled in COMP 170-005 (Lecture) will be automatically enrolled in COMP 170-05L (Lab).



This course is restricted to undergraduate students.  Graduate students wishing to enroll in a section of this course should contact their departmental
graduate advisor.
____________________________________________________________________________________________________________________________________________________________,
COMP, 170,03L,3179,Intro Obj-Oriented Prog,Laboratory,3,,
,,,,,,(In person)
Bldg:,Cuneo Hall,Room:,311,Days:,Tu,Time:,11:30AM-12:45,Instructor:,"Honig,William"
Class Enrl Cap:,25,Class Enrl Tot:,0,Class Wait Cap:,0,Class Wait Tot:,0,Class Min Enrl:,0
Attributes:,Bioinformatics
Class Equivalents:,COMP170/ISOM/INFS370
Room Characteristics:,Electronic Classroom(1)
,,,,
This course is restricted to students in the College of Arts and Sciences.  Students from other schools specifically wishing to enroll in COMP 170 should
contact the Computer Science Department to request an enrollment override.



Students enrolled in COMP 170-003 (Lecture) will be automatically enrolled in COMP 170-03L (Lab).



This course is restricted to undergraduate students.  Graduate students wishing to enroll in a section of this course should contact their departmental
graduate advisor.
____________________________________________________________________________________________________________________________________________________________,
COMP, 170,04L,3180,Intro Obj-Oriented Prog,Laboratory,3,,
,,,,,,(In person)
Bldg:,Cuneo Hall,Room:,311,Days:,Th,Time:,11:30AM-12:45,Instructor:,"Honig,William"
Class Enrl Cap:,25,Class Enrl Tot:,0,Class Wait Cap:,0,Class Wait Tot:,0,Class Min Enrl:,0
Attributes:,Bioinformatics
Class Equivalents:,COMP170/ISOM/INFS370
Room Characteristics:,Electronic Classroom(1)
,,,,
This course is restricted to students in the College of Arts and Sciences.  Students from other schools specifically wishing to enroll in COMP 170 should
contact the Computer Science Department to request an enrollment override.



Students enrolled in COMP 170-004 (Lecture) will be automatically enrolled in COMP 170-04L (Lab).



This course is restricted to undergraduate students.  Graduate students wishing to enroll in a section of this course should contact their departmental
graduate advisor.
____________________________________________________________________________________________________________________________________________________________,
COMP, 170,05L,6111,Intro Obj-Oriented Prog,Laboratory,3,,
,,,,,,(Hybrid)
Bldg:,Cuneo Hall,Room:,311,Days:,F,Time:,11:30AM-12:20,Instructor:,"Harrington,Andrew N"
Class Enrl Cap:,25,Class Enrl Tot:,0,Class Wait Cap:,0,Class Wait Tot:,0,Class Min Enrl:,0
Attributes:,Bioinformatics
Class Equivalents:,COMP170/ISOM/INFS370
Room Characteristics:,Electronic Classroom(1)
,,,,
This is a hybrid class.  More details will be forthcoming.



This course is restricted to students in the College of Arts and Sciences.  Students from other schools specifically wishing to enroll in COMP 170 should
contact the Computer Science Department to request an enrollment override.



Students enrolled in COMP 170-005 (Lecture) will be automatically enrolled in COMP 170-05L (Lab).



This course is restricted to undergraduate students.  Graduate students wishing to enroll in a section of this course should contact their departmental
graduate advisor.
____________________________________________________________________________________________________________________________________________________________,
COMP, 180,001,5122,Computing & Data for Sciences,Lecture,3,,
,,,,,,(In person)
Bldg:,Crown Center,Room:,105,Days:,MWF,Time:,09:20AM-10:10,Instructor:,"Xiao,Ting"
Class Enrl Cap:,39,Class Enrl Tot:,0,Class Wait Cap:,0,Class Wait Tot:,0,Class Min Enrl:,0
Attributes:,Neuroscience
Room Characteristics:,Lab - Computer(1)
____________________________________________________________________________________________________________________________________________________________,
,,,,,,,,
Report ID:  SR201,Loyola University Chicago,Page No.,6,of,31
Schedule of Classes for Spring 2019,Run Date:,10/15/2018
Campus: Lake Shore Campus   Location: Lake Shore Campus,Run Time:,15:09:01
Regular Academic Session
College of Arts and Sciences - Computer Science - Subject: Computer Science

____________________________________________________________________________________________________________________________________________________________,Subject,Catalog Nbr,Section,Class Nbr,Course Title,Component,Units,Topics
COMP, 250,01W,2533,Intro Sci and Tech Comm,Lecture,3,,
,,,,,,(In person)
Bldg:,Information Commons,Room:,111,Days:,MW,Time:,02:45PM-04:00,Instructor:,"Schwab,Roxanne"
Class Enrl Cap:,19,Class Enrl Tot:,0,Class Wait Cap:,0,Class Wait Tot:,0,Class Min Enrl:,0
Room Characteristics:,Electronic Classroom(1)
,,,,
**This is a writing intensive class.**



This class is restricted to undergraduate students.  Graduate students wishing to enroll in a section of this course should contact their departmental
graduate advisor.
____________________________________________________________________________________________________________________________________________________________,
COMP, 264,001,2532,Intro to Computer Systems,Lecture,3,,
,,,,,,(Blended)
Bldg:,Cuneo Hall,Room:,324,Days:,TuTh,Time:,01:00PM-02:15,Instructor:,"Greenberg,Ronald I"
Class Enrl Cap:,30,Class Enrl Tot:,0,Class Wait Cap:,0,Class Wait Tot:,0,Class Min Enrl:,0
Room Characteristics:,Electronic Classroom(1)
,,,,
This is a blended class.  More details will be forthcoming.



This course is restricted to undergraduate students.  Graduate students wishing to enroll in a section of this course should contact their departmental
graduate advisor.
____________________________________________________________________________________________________________________________________________________________,
COMP, 264,002,5123,Intro to Computer Systems,Lecture,3,,
,,,,,,(Blended)
Bldg:,Mundelein Center,Room:,0606,Days:,MWF,Time:,11:30AM-12:20,Instructor:,"Dordal,Peter L"
Class Enrl Cap:,30,Class Enrl Tot:,0,Class Wait Cap:,0,Class Wait Tot:,0,Class Min Enrl:,0
Room Characteristics:,Electronic Classroom(1)
,,,,
This course is restricted to undergraduate students.  Graduate students wishing to enroll in a section of this course should contact their departmental
graduate advisor.
____________________________________________________________________________________________________________________________________________________________,
COMP, 271,001,2531,Data Structs and Apps,Lecture,3,,
,,,,,,(In person)
Bldg:,Cuneo Hall,Room:,302,Days:,TuTh,Time:,02:30PM-04:25,Instructor:,"Albert,Mark"
Class Enrl Cap:,30,Class Enrl Tot:,0,Class Wait Cap:,0,Class Wait Tot:,0,Class Min Enrl:,0
Attributes:,Bioinformatics
Room Characteristics:,Electronic Classroom(1)
,,,,
This course is restricted to undergraduate students.  Graduate students wishing to enroll in a section of this course should contact their departmental
graduate advisor.
____________________________________________________________________________________________________________________________________________________________,
,,,,,,,,
Report ID:  SR201,Loyola University Chicago,Page No.,7,of,31
Schedule of Classes for Spring 2019,Run Date:,10/15/2018
Campus: Lake Shore Campus   Location: Lake Shore Campus,Run Time:,15:09:01
Regular Academic Session
College of Arts and Sciences - Computer Science - Subject: Computer Science

____________________________________________________________________________________________________________________________________________________________,Subject,Catalog Nbr,Section,Class Nbr,Course Title,Component,Units,Topics
COMP, 271,002,2540,Data Structs and Apps,Lecture,3,,
,,,,,,(In person)
Bldg:,Crown Center,Room:,105,Days:,MW,Time:,01:40PM-03:35,Instructor:,"Sekharan,Chandra N"
Class Enrl Cap:,39,Class Enrl Tot:,0,Class Wait Cap:,0,Class Wait Tot:,0,Class Min Enrl:,0
Attributes:,Bioinformatics
Room Characteristics:,Lab - Computer(1)

This course is restricted to undergraduate students.  Graduate students wishing to enroll in a section of this course should contact their departmental
graduate advisor.
____________________________________________________________________________________________________________________________________________________________,
COMP, 310,001,5963,Intro to Operatng Systms,Lecture,3,,
,,,,,,(In person)
Bldg:,Cuneo Hall,Room:,311,Days:,Tu,Time:,07:00PM-09:30,Instructor:,"Kaylor,Sarah"
Class Enrl Cap:,30,Class Enrl Tot:,0,Class Wait Cap:,0,Class Wait Tot:,0,Class Min Enrl:,0
Room Characteristics:,Electronic Classroom(1)
Combined Section ID:,1868(COMP 310-001/COMP 410-001), -,COMP 410(#5974)
____________________________________________________________________________________________________________________________________________________________,
COMP, 313,001,3181,Intermed Obj-Orient Devel,Lecture,3,,
,,,,,,(In person)
Bldg:,Cuneo Hall,Room:,311,Days:,MWF,Time:,09:20AM-10:10,Instructor:,"Yacobellis,Robert"
Class Enrl Cap:,35,Class Enrl Tot:,0,Class Wait Cap:,0,Class Wait Tot:,0,Class Min Enrl:,0
Class Equivalents:,COMP272/COMP313
Room Characteristics:,Electronic Classroom(1)
,,,,
This course is restricted to undergraduate students.  Graduate students wishing to enroll in a section of this course should contact their departmental
graduate advisor.
____________________________________________________________________________________________________________________________________________________________,
COMP, 317,01W,3589,SocialLegal&EthicIssuComp,Lecture,3,,
,,,,,,(In person)
Bldg:,Cuneo Hall,Room:,103,Days:,W,Time:,04:15PM-06:45,Instructor:,"Schwab,Roxanne"
Class Enrl Cap:,19,Class Enrl Tot:,0,Class Wait Cap:,0,Class Wait Tot:,0,Class Min Enrl:,0
Attributes:,Sociolegal Studies
Room Characteristics:,Electronic Classroom(1)
,,,,
**This is a writing intensive class.**



This class is restricted to undergraduate students.  Graduate students wishing to enroll in a section of this course should contact their departmental
graduate advisor.
____________________________________________________________________________________________________________________________________________________________,
,,,,,,,,
Report ID:  SR201,Loyola University Chicago,Page No.,8,of,31
Schedule of Classes for Spring 2019,Run Date:,10/15/2018
Campus: Lake Shore Campus   Location: Lake Shore Campus,Run Time:,15:09:01
Regular Academic Session
College of Arts and Sciences - Computer Science - Subject: Computer Science

____________________________________________________________________________________________________________________________________________________________,Subject,Catalog Nbr,Section,Class Nbr,Course Title,Component,Units,Topics
COMP, 323,001,5982,Game Design & Development,Lecture,3,,
,,,,,,(In person)
Bldg:,Cuneo Hall,Room:,311,Days:,F,Time:,02:45PM-05:15,Instructor:,"Hayward,Nicholas J"
Class Enrl Cap:,30,Class Enrl Tot:,0,Class Wait Cap:,0,Class Wait Tot:,0,Class Min Enrl:,0
Room Characteristics:,Electronic Classroom(1)
Combined Section ID:,1869(COMP 323-001/COMP 488-323), -,COMP 488(#6014)
____________________________________________________________________________________________________________________________________________________________,
COMP, 324,001,6004,Client-Side Web Development,Lecture,3,,
,,,,,,(In person)
Bldg:,Cuneo Hall,Room:,311,Days:,M,Time:,04:15PM-06:45,Instructor:,"Hayward,Nicholas J"
Class Enrl Cap:,30,Class Enrl Tot:,0,Class Wait Cap:,0,Class Wait Tot:,0,Class Min Enrl:,0
Room Characteristics:,Electronic Classroom(1)
Combined Section ID:,1640(COMP 324-001/COMP 424-001), -,COMP 424(#6006)
____________________________________________________________________________________________________________________________________________________________,
COMP, 330,001,5983,Software Engineering,Lecture,3,,
,,,,,,(Hybrid)
Bldg:,Cuneo Hall,Room:,311,Days:,MW,Time:,11:30AM-12:45,Instructor:,"Thiruvathukal,George"
Class Enrl Cap:,35,Class Enrl Tot:,0,Class Wait Cap:,0,Class Wait Tot:,0,Class Min Enrl:,0
Room Characteristics:,Electronic Classroom(1)
,,,,
"COMP 330-001 is a hybrid class.  It meets in person on Mondays and Wednesdays, and is always virtual on Fridays."
____________________________________________________________________________________________________________________________________________________________,
COMP, 339,001,5984,Distributed Programming,Lecture,3,,
,,,,,,(Blended)
Bldg:,TBA,Room:,TBA,Days:,MWF,Time:,10:25AM-11:15,Instructor:,"Thiruvathukal,George"
Class Enrl Cap:,30,Class Enrl Tot:,0,Class Wait Cap:,0,Class Wait Tot:,0,Class Min Enrl:,0
Room Characteristics:,Electronic Classroom(1)
,,,,
This is a blended class.  More details with be forthcoming.
____________________________________________________________________________________________________________________________________________________________,
COMP, 353,001,3182,Database Programming,Lecture,3,,
,,,,,,(In person)
Bldg:,Cuneo Hall,Room:,117,Days:,Th,Time:,04:15PM-06:45,Instructor:,"Naiman,Channah"
Class Enrl Cap:,35,Class Enrl Tot:,0,Class Wait Cap:,0,Class Wait Tot:,0,Class Min Enrl:,0
Class Equivalents:,COMP353/BIOI353
Room Characteristics:,Electronic Classroom(1)
____________________________________________________________________________________________________________________________________________________________,
,,,,,,,,
Report ID:  SR201,Loyola University Chicago,Page No.,9,of,31
Schedule of Classes for Spring 2019,Run Date:,10/15/2018
Campus: Lake Shore Campus   Location: Lake Shore Campus,Run Time:,15:09:01
Regular Academic Session
College of Arts and Sciences - Computer Science - Subject: Computer Science

____________________________________________________________________________________________________________________________________________________________,Subject,Catalog Nbr,Section,Class Nbr,Course Title,Component,Units,Topics
COMP, 363,001,3590,Desgn/Anlys Comp Algorthm,Lecture,3,,
,,,,,,(In person)
Bldg:,Cuneo Hall,Room:,202,Days:,TuTh,Time:,10:00AM-11:15,Instructor:,"Turkoglu,Duru"
Class Enrl Cap:,35,Class Enrl Tot:,0,Class Wait Cap:,0,Class Wait Tot:,0,Class Min Enrl:,0
Attributes:,Bioinformatics
Class Equivalents:,X-COMP363/BIOI363
Room Characteristics:,Electronic Classroom(1)
,,,,
This course is restricted to undergraduate students. Graduate students wishing to enroll in a section of this course should contact their departmental
graduate advisor.
____________________________________________________________________________________________________________________________________________________________,
COMP, 369,001,5968,Physical Design & Fabrication,Lecture,3,,
,,,,,,(In person)
Bldg:,TBA,Room:,TBA,Days:,M,Time:,07:00PM-09:30,Instructor:,"Durston,Jonathan"
Class Enrl Cap:,24,Class Enrl Tot:,0,Class Wait Cap:,0,Class Wait Tot:,0,Class Min Enrl:,0
Room Characteristics:,Lab - Computer(1)
____________________________________________________________________________________________________________________________________________________________,
COMP, 376,001,5863,Formal Lang & Automata,Lecture,3,,
,,,,,,(In person)
Bldg:,Inst for Environment,Room:,111,Days:,TuTh,Time:,02:30PM-03:45,Instructor:,"Haught,Christine A"
Class Enrl Cap:,1,Class Enrl Tot:,0,Class Wait Cap:,0,Class Wait Tot:,0,Class Min Enrl:,0
Class Equivalents:,X-COMP376/MATH376
Room Characteristics:,Electronic Classroom(1)
Combined Section ID:,1854(X-MATH 376-001/MATH476-001/COM), -,"MATH 376(#5860), MATH 476(#5861), COMP 476(#5862)"

COMP 376 is cross-listed with MATH 376.  Please register for MATH 376.

Combined with COMP 476.
____________________________________________________________________________________________________________________________________________________________,,,
COMP, 383,001,5989,Computational Biology,Lecture,4,,
,,,,,,(In person)
Bldg:,Crown Center,Room:,103,Days:,Tu,Time:,04:15PM-07:00,Instructor:,"Putonti,Catherine"
Class Enrl Cap:,45,Class Enrl Tot:,0,Class Wait Cap:,0,Class Wait Tot:,0,Class Min Enrl:,0
Class Equivalents:,COMP383/BIOI383
Room Characteristics:,Lab - Computer(1)
Combined Section ID:,1870(COMP 383-001/COMP 488-383), -,COMP 488(#5997)
____________________________________________________________________________________________________________________________________________________________,
,,,,,,,,
Report ID:  SR201,Loyola University Chicago,Page No.,10,of,31
Schedule of Classes for Spring 2019,Run Date:,10/15/2018
Campus: Lake Shore Campus   Location: Lake Shore Campus,Run Time:,15:09:01
Regular Academic Session
College of Arts and Sciences - Computer Science - Subject: Computer Science

____________________________________________________________________________________________________________________________________________________________,Subject,Catalog Nbr,Section,Class Nbr,Course Title,Component,Units,Topics
COMP, 388,001,5988,Topics:,Lecture,3,Adv Topics in Cybersecurity,
,,,,,,(In person)
Bldg:,Cuneo Hall,Room:,103,Days:,TuTh,Time:,11:30AM-12:45,Instructor:,"Chan-Tin,David Eric"
Class Enrl Cap:,30,Class Enrl Tot:,0,Class Wait Cap:,0,Class Wait Tot:,0,Class Min Enrl:,0
Room Characteristics:,Electronic Classroom(1)
,,,,
Advanced Topics in Cybersecurity
____________________________________________________________________________________________________________________________________________________________,
COMP, 391,01E,2051,Internship in CS,Field Studies,1 - 6,,
,,,,,,(In person)
Bldg:,TBA,Room:,TBA,Days:,TBA,Time:,TBA,Instructor:,"Yacobellis,Robert"
Class Enrl Cap:,20,Class Enrl Tot:,0,Class Wait Cap:,0,Class Wait Tot:,0,Class Min Enrl:,0
Attributes:,Engaged Learning
Room Characteristics:,Classroom Not Needed(1)
,,,,
This class satisfies the Engaged Learning requirement in the Internship category.  Department Consent Required.
____________________________________________________________________________________________________________________________________________________________,
COMP, 397,001,3524,Research Methods in CS,Seminar,1,,
,,,,,,(In person)
Bldg:,Cuneo Hall,Room:,311,Days:,Th,Time:,04:45PM-06:00,Instructor:,"Albert,Mark"
Class Enrl Cap:,25,Class Enrl Tot:,0,Class Wait Cap:,0,Class Wait Tot:,0,Class Min Enrl:,0
Room Characteristics:,Electronic Classroom(1)
____________________________________________________________________________________________________________________________________________________________,
COMP, 398,01E,2052,Independent Study,Independent Study,1 - 6,,
,,,,,,(In person)
Bldg:,TBA,Room:,TBA,Days:,TBA,Time:,TBA,Instructor:
Class Enrl Cap:,20,Class Enrl Tot:,0,Class Wait Cap:,0,Class Wait Tot:,0,Class Min Enrl:,0
Attributes:,Engaged Learning
Room Characteristics:,Classroom Not Needed(1)
,,,,
This class satisfies the Engaged Learning requirement in the Undergraduate Research category.  Department Consent Required.
____________________________________________________________________________________________________________________________________________________________,
COMP, 398,02E,2053,Independent Study,Independent Study,1 - 6,,
,,,,,,(In person)
Bldg:,TBA,Room:,TBA,Days:,TBA,Time:,TBA,Instructor:,Staff
Class Enrl Cap:,20,Class Enrl Tot:,0,Class Wait Cap:,0,Class Wait Tot:,0,Class Min Enrl:,0
Attributes:,Engaged Learning
Room Characteristics:,Classroom Not Needed(1)
,,,,
This class satisfies the Engaged Learning requirement in the Undergraduate Research category.  Department Consent Required.
____________________________________________________________________________________________________________________________________________________________,
,,,,,,,,
Report ID:  SR201,Loyola University Chicago,Page No.,11,of,31
Schedule of Classes for Spring 2019,Run Date:,10/15/2018
Campus: Lake Shore Campus   Location: Lake Shore Campus,Run Time:,15:09:01
Regular Academic Session
College of Arts and Sciences - Computer Science - Subject: Computer Science

____________________________________________________________________________________________________________________________________________________________,Subject,Catalog Nbr,Section,Class Nbr,Course Title,Component,Units,Topics
COMP, 398,03E,2054,Independent Study,Independent Study,1 - 6,,
,,,,,,(In person)
Bldg:,TBA,Room:,TBA,Days:,TBA,Time:,TBA,Instructor:,Staff
Class Enrl Cap:,20,Class Enrl Tot:,0,Class Wait Cap:,0,Class Wait Tot:,0,Class Min Enrl:,0
Attributes:,Engaged Learning
Room Characteristics:,Classroom Not Needed(1)
,,,,
This class satisfies the Engaged Learning requirement in the Undergraduate Research category.  Department Consent Required.
____________________________________________________________________________________________________________________________________________________________,
COMP, 398,04E,2055,Independent Study,Independent Study,1 - 6,,
,,,,,,(In person)
Bldg:,TBA,Room:,TBA,Days:,TBA,Time:,TBA,Instructor:,Staff
Class Enrl Cap:,20,Class Enrl Tot:,0,Class Wait Cap:,0,Class Wait Tot:,0,Class Min Enrl:,0
Attributes:,Engaged Learning
Room Characteristics:,Classroom Not Needed(1)
,,,,
This class satisfies the Engaged Learning requirement in the Undergraduate Research category.  Department Consent Required.
____________________________________________________________________________________________________________________________________________________________,
COMP, 398,05E,2056,Independent Study,Independent Study,1 - 6,,
,,,,,,(In person)
Bldg:,TBA,Room:,TBA,Days:,TBA,Time:,TBA,Instructor:,Staff
Class Enrl Cap:,20,Class Enrl Tot:,0,Class Wait Cap:,0,Class Wait Tot:,0,Class Min Enrl:,0
Attributes:,Engaged Learning
Room Characteristics:,Classroom Not Needed(1)
,,,,
This class satisfies the Engaged Learning requirement in the Undergraduate Research category.  Department Consent Required.
____________________________________________________________________________________________________________________________________________________________,
COMP, 398,06E,2057,Independent Study,Independent Study,1 - 6,,
,,,,,,(In person)
Bldg:,TBA,Room:,TBA,Days:,TBA,Time:,TBA,Instructor:,Staff
Class Enrl Cap:,20,Class Enrl Tot:,0,Class Wait Cap:,0,Class Wait Tot:,0,Class Min Enrl:,0
Attributes:,Engaged Learning
Room Characteristics:,Classroom Not Needed(1)
,,,,
This class satisfies the Engaged Learning requirement in the Undergraduate Research category.  Department Consent Required.
____________________________________________________________________________________________________________________________________________________________,
,,,,,,,,
Report ID:  SR201,Loyola University Chicago,Page No.,12,of,31
Schedule of Classes for Spring 2019,Run Date:,10/15/2018
Campus: Lake Shore Campus   Location: Lake Shore Campus,Run Time:,15:09:01
Regular Academic Session
College of Arts and Sciences - Computer Science - Subject: Computer Science

____________________________________________________________________________________________________________________________________________________________,Subject,Catalog Nbr,Section,Class Nbr,Course Title,Component,Units,Topics
COMP, 398,07E,2058,Independent Study,Independent Study,1 - 6,,
,,,,,,(In person)
Bldg:,TBA,Room:,TBA,Days:,TBA,Time:,TBA,Instructor:,Staff
Class Enrl Cap:,20,Class Enrl Tot:,0,Class Wait Cap:,0,Class Wait Tot:,0,Class Min Enrl:,0
Attributes:,Engaged Learning
Room Characteristics:,Classroom Not Needed(1)
,,,,
This class satisfies the Engaged Learning requirement in the Undergraduate Research category.  Department Consent Required.
____________________________________________________________________________________________________________________________________________________________,
COMP, 398,08E,2102,Independent Study,Independent Study,1 - 6,,
,,,,,,(In person)
Bldg:,TBA,Room:,TBA,Days:,TBA,Time:,TBA,Instructor:,Staff
Class Enrl Cap:,20,Class Enrl Tot:,0,Class Wait Cap:,0,Class Wait Tot:,0,Class Min Enrl:,0
Attributes:,Engaged Learning
Room Characteristics:,Classroom Not Needed(1)
,,,,
This class satisfies the Engaged Learning requirement in the Undergraduate Research category.  Department Consent Required.
____________________________________________________________________________________________________________________________________________________________,
COMP, 398,09E,2988,Independent Study,Independent Study,1 - 6,,
,,,,,,(In person)
Bldg:,TBA,Room:,TBA,Days:,TBA,Time:,TBA,Instructor:,Staff
Class Enrl Cap:,20,Class Enrl Tot:,0,Class Wait Cap:,0,Class Wait Tot:,0,Class Min Enrl:,0
Attributes:,Engaged Learning
Room Characteristics:,Classroom Not Needed(1)
,,,,
This class satisfies the Engaged Learning requirement in the Undergraduate Research category.  Department Consent Required.
____________________________________________________________________________________________________________________________________________________________,
COMP, 398,10E,3194,Independent Study,Independent Study,1 - 6,,
,,,,,,(In person)
Bldg:,TBA,Room:,TBA,Days:,TBA,Time:,TBA,Instructor:,Staff
Class Enrl Cap:,20,Class Enrl Tot:,0,Class Wait Cap:,0,Class Wait Tot:,0,Class Min Enrl:,0
Attributes:,Engaged Learning
Room Characteristics:,Classroom Not Needed(1)
,,,,
This class satisfies the Engaged Learning requirement in the Undergraduate Research category.  Department Consent Required.
____________________________________________________________________________________________________________________________________________________________,
,,,,,,,,
Report ID:  SR201,Loyola University Chicago,Page No.,13,of,31
Schedule of Classes for Spring 2019,Run Date:,10/15/2018
Campus: Lake Shore Campus   Location: Lake Shore Campus,Run Time:,15:09:01
Regular Academic Session
College of Arts and Sciences - Computer Science - Subject: Computer Science

____________________________________________________________________________________________________________________________________________________________,Subject,Catalog Nbr,Section,Class Nbr,Course Title,Component,Units,Topics
COMP, 398,11E,3647,Independent Study,Independent Study,1 - 6,,
,,,,,,(In person)
Bldg:,TBA,Room:,TBA,Days:,TBA,Time:,TBA,Instructor:,Staff
Class Enrl Cap:,20,Class Enrl Tot:,0,Class Wait Cap:,0,Class Wait Tot:,0,Class Min Enrl:,0
Attributes:,Engaged Learning
Room Characteristics:,Classroom Not Needed(1)
,,,,
This class satisfies the Engaged Learning requirement in the Undergraduate Research category.  Department Consent Required.
____________________________________________________________________________________________________________________________________________________________,
COMP, 398,12E,3648,Independent Study,Independent Study,1 - 6,,
,,,,,,(In person)
Bldg:,TBA,Room:,TBA,Days:,TBA,Time:,TBA,Instructor:,Staff
Class Enrl Cap:,20,Class Enrl Tot:,0,Class Wait Cap:,0,Class Wait Tot:,0,Class Min Enrl:,0
Attributes:,Engaged Learning
Room Characteristics:,Classroom Not Needed(1)
,,,,
This class satisfies the Engaged Learning requirement in the Undergraduate Research category.  Department Consent Required.
____________________________________________________________________________________________________________________________________________________________,
COMP, 398,13E,3651,Independent Study,Independent Study,1 - 6,,
,,,,,,(In person)
Bldg:,TBA,Room:,TBA,Days:,TBA,Time:,TBA,Instructor:,Staff
Class Enrl Cap:,20,Class Enrl Tot:,0,Class Wait Cap:,0,Class Wait Tot:,0,Class Min Enrl:,0
Attributes:,Engaged Learning
Room Characteristics:,Classroom Not Needed(1)
,,,,
This class satisfies the Engaged Learning requirement in the Undergraduate Research category.  Department Consent Required.
____________________________________________________________________________________________________________________________________________________________,
COMP, 398,14E,3785,Independent Study,Independent Study,1 - 6,,
,,,,,,(In person)
Bldg:,TBA,Room:,TBA,Days:,TBA,Time:,TBA,Instructor:,Staff
Class Enrl Cap:,20,Class Enrl Tot:,0,Class Wait Cap:,0,Class Wait Tot:,0,Class Min Enrl:,0
Attributes:,Engaged Learning
Room Characteristics:,Classroom Not Needed(1)
,,,,
This class satisfies the Engaged Learning requirement in the Undergraduate Research category.  Department Consent Required.
____________________________________________________________________________________________________________________________________________________________,
,,,,,,,,
Report ID:  SR201,Loyola University Chicago,Page No.,14,of,31
Schedule of Classes for Spring 2019,Run Date:,10/15/2018
Campus: Lake Shore Campus   Location: Lake Shore Campus,Run Time:,15:09:01
Regular Academic Session
College of Arts and Sciences - Computer Science - Subject: Computer Science

____________________________________________________________________________________________________________________________________________________________,Subject,Catalog Nbr,Section,Class Nbr,Course Title,Component,Units,Topics
COMP, 398,15E,4277,Independent Study,Independent Study,1 - 6,,
,,,,,,(In person)
Bldg:,TBA,Room:,TBA,Days:,TBA,Time:,TBA,Instructor:,Staff
Class Enrl Cap:,20,Class Enrl Tot:,0,Class Wait Cap:,0,Class Wait Tot:,0,Class Min Enrl:,0
Attributes:,Engaged Learning
Room Characteristics:,Classroom Not Needed(1)
,,,,
This class satisfies the Engaged Learning requirement in the Undergraduate Research category.  Department Consent Required.
____________________________________________________________________________________________________________________________________________________________,
COMP, 398,16E,5478,Independent Study,Independent Study,1 - 6,,
,,,,,,(In person)
Bldg:,TBA,Room:,TBA,Days:,TBA,Time:,TBA,Instructor:,Staff
Class Enrl Cap:,20,Class Enrl Tot:,0,Class Wait Cap:,0,Class Wait Tot:,0,Class Min Enrl:,0
Attributes:,Engaged Learning
Room Characteristics:,Classroom Not Needed(1)
,,,,
This class satisfies the Engaged Learning requirement in the Undergraduate Research category.  Department Consent Required.
____________________________________________________________________________________________________________________________________________________________,
COMP, 398,17E,5506,Independent Study,Independent Study,1 - 6,,
,,,,,,(In person)
Bldg:,TBA,Room:,TBA,Days:,TBA,Time:,TBA,Instructor:,Staff
Class Enrl Cap:,20,Class Enrl Tot:,0,Class Wait Cap:,0,Class Wait Tot:,0,Class Min Enrl:,0
Attributes:,Engaged Learning
Room Characteristics:,Classroom Not Needed(1)
,,,,
This class satisfies the Engaged Learning requirement in the Undergraduate Research category.  Department Consent Required.
____________________________________________________________________________________________________________________________________________________________,
COMP, 398,18E,5507,Independent Study,Independent Study,1 - 6,,
,,,,,,(In person)
Bldg:,TBA,Room:,TBA,Days:,TBA,Time:,TBA,Instructor:,Staff
Class Enrl Cap:,20,Class Enrl Tot:,0,Class Wait Cap:,0,Class Wait Tot:,0,Class Min Enrl:,0
Attributes:,Engaged Learning
Room Characteristics:,Classroom Not Needed(1)
,,,,
This class satisfies the Engaged Learning requirement in the Undergraduate Research category.  Department Consent required.
____________________________________________________________________________________________________________________________________________________________,
,,,,,,,,
Report ID:  SR201,Loyola University Chicago,Page No.,15,of,31
Schedule of Classes for Spring 2019,Run Date:,10/15/2018
Campus: Lake Shore Campus   Location: Lake Shore Campus,Run Time:,15:09:01
Regular Academic Session
College of Arts and Sciences - Computer Science - Subject: Computer Science

____________________________________________________________________________________________________________________________________________________________,Subject,Catalog Nbr,Section,Class Nbr,Course Title,Component,Units,Topics
COMP, 410,001,5974,Operating Systems,Lecture,3,,
,,,,,,(In person)
Bldg:,Cuneo Hall,Room:,311,Days:,Tu,Time:,07:00PM-09:30,Instructor:,"Kaylor,Sarah"
Class Enrl Cap:,30,Class Enrl Tot:,0,Class Wait Cap:,0,Class Wait Tot:,0,Class Min Enrl:,0
Room Characteristics:,Electronic Classroom(1)
Combined Section ID:,1868(COMP 310-001/COMP 410-001), -,COMP 310(#5963)
____________________________________________________________________________________________________________________________________________________________,
COMP, 413,001,3183,Intermed Object-Orientd Devel,Lecture,3,,
,,,,,,(In person)
Bldg:,Cuneo Hall,Room:,117,Days:,M,Time:,04:15PM-06:45,Instructor:,"Yacobellis,Robert"
Class Enrl Cap:,30,Class Enrl Tot:,0,Class Wait Cap:,0,Class Wait Tot:,0,Class Min Enrl:,0
Room Characteristics:,Electronic Classroom(1)
____________________________________________________________________________________________________________________________________________________________,
COMP, 417,001,3184,Social & Ethical Iss Comp,Lecture,3,,
,,,,,,(In person)
Bldg:,Cuneo Hall,Room:,103,Days:,Th,Time:,04:15PM-06:45,Instructor:,"Montaner,Nicoletta Christina"
Class Enrl Cap:,30,Class Enrl Tot:,0,Class Wait Cap:,0,Class Wait Tot:,0,Class Min Enrl:,0
Room Characteristics:,Electronic Classroom(1)
____________________________________________________________________________________________________________________________________________________________,
COMP, 424,001,6006,Client-Side Web Design,Lecture,3,,
,,,,,,(In person)
Bldg:,Cuneo Hall,Room:,311,Days:,M,Time:,04:15PM-06:45,Instructor:,"Hayward,Nicholas J"
Class Enrl Cap:,30,Class Enrl Tot:,0,Class Wait Cap:,0,Class Wait Tot:,0,Class Min Enrl:,0
Room Characteristics:,Electronic Classroom(1)
Combined Section ID:,1640(COMP 324-001/COMP 424-001), -,COMP 324(#6004)
____________________________________________________________________________________________________________________________________________________________,
COMP, 439,001,5995,Distributed Systems,Lecture,3,,
,,,,,,(Blended)
Bldg:,TBA,Room:,TBA,Days:,MWF,Time:,10:25AM-11:15,Instructor:,"Thiruvathukal,George"
Class Enrl Cap:,30,Class Enrl Tot:,0,Class Wait Cap:,0,Class Wait Tot:,0,Class Min Enrl:,0
Room Characteristics:,Electronic Classroom(1)
,,,,
This is a blended class.  More details will be forthcoming.
____________________________________________________________________________________________________________________________________________________________,
COMP, 460,001,3526,Algorithms & Complexity,Lecture,3,,
,,,,,,(In person)
Bldg:,Cuneo Hall,Room:,311,Days:,W,Time:,04:15PM-06:45,Instructor:,"Albert,Mark"
Class Enrl Cap:,35,Class Enrl Tot:,0,Class Wait Cap:,0,Class Wait Tot:,0,Class Min Enrl:,0
Room Characteristics:,Electronic Classroom(1)
____________________________________________________________________________________________________________________________________________________________,
,,,,,,,,
Report ID:  SR201,Loyola University Chicago,Page No.,16,of,31
Schedule of Classes for Spring 2019,Run Date:,10/15/2018
Campus: Lake Shore Campus   Location: Lake Shore Campus,Run Time:,15:09:01
Regular Academic Session
College of Arts and Sciences - Computer Science - Subject: Computer Science

____________________________________________________________________________________________________________________________________________________________,Subject,Catalog Nbr,Section,Class Nbr,Course Title,Component,Units,Topics
COMP, 476,001,5862,Automata&Formal Languages,Lecture,3,,
,,,,,,(In person)
Bldg:,Inst for Environment,Room:,111,Days:,TuTh,Time:,02:30PM-03:45,Instructor:,"Haught,Christine A"
Class Enrl Cap:,1,Class Enrl Tot:,0,Class Wait Cap:,0,Class Wait Tot:,0,Class Min Enrl:,0
Class Equivalents:,X-COMP476/MATH476
Room Characteristics:,General Classroom(1)
Combined Section ID:,1854(X-MATH 376-001/MATH476-001/COM), -,"MATH 376(#5860), MATH 476(#5861), COMP 376(#5863)"

COMP 476 is cross-listed with MATH 476. Please register for MATH 476.

Combined with COMP 376.
____________________________________________________________________________________________________________________________________________________________,,,
COMP, 488,001,5996,Top:,Lecture,3,Adv Topics in Cybersecurity,
,,,,,,(In person)
Bldg:,Corboy Law Center,Room:,0422,Days:,TuTh,Time:,11:30AM-12:45,Instructor:,"Chan-Tin,David Eric"
Class Enrl Cap:,30,Class Enrl Tot:,0,Class Wait Cap:,0,Class Wait Tot:,0,Class Min Enrl:,0
Room Characteristics:,Electronic Classroom(1)
,,,,
Advanced Topics in Cybersecurity
____________________________________________________________________________________________________________________________________________________________,
COMP, 488,323,6014,Top:,Lecture,3,Game Design and Development,
,,,,,,(In person)
Bldg:,Cuneo Hall,Room:,311,Days:,F,Time:,02:45PM-05:15,Instructor:,"Hayward,Nicholas J"
Class Enrl Cap:,30,Class Enrl Tot:,0,Class Wait Cap:,0,Class Wait Tot:,0,Class Min Enrl:,0
Room Characteristics:,Electronic Classroom(1)
Combined Section ID:,1869(COMP 323-001/COMP 488-323), -,COMP 323(#5982)
,
Game Design and Development



"This course studies design, development, and publication of games and game-based applications. This includes example games and designers, industry"
"practices, and team-based project development.
"


Prerequisite: COMP 271



"Outcomes: Students will acquire an awareness of different game design and development methods, technologies, and techniques suitable for the development of"
a variety of game based environments.
____________________________________________________________________________________________________________________________________________________________,
COMP, 488,369,5969,Top:,Lecture,3,Physical Design & Fabrication,
,,,,,,(In person)
Bldg:,Crown Center,Room:,103,Days:,M,Time:,07:00PM-09:30,Instructor:,"Durston,Jonathan"
Class Enrl Cap:,45,Class Enrl Tot:,0,Class Wait Cap:,0,Class Wait Tot:,0,Class Min Enrl:,0
Room Characteristics:,Lab - Computer(1)

Physical Design & Fabrication



"This course explores the role of products in the economy and how things are made, including:  product conceptualization and design, physical design vs."
"design of things that are not physical, rapid prototyping, 3D printing, 2D conceptualization and sketching, 3D modeling, and design reviews.
"


"Outcomes: Students will be able to visualize ideas via sketching basic shapes, create 3D models using 3D modeling software, use a 3D Printer, and give"
constructive feedback in peer review sessions.
____________________________________________________________________________________________________________________________________________________________,
COMP, 488,383,5997,Top:,Lecture,3,Computational Biology,
,,,,,,(In person)
Bldg:,Crown Center,Room:,103,Days:,Tu,Time:,04:15PM-07:00,Instructor:,"Putonti,Catherine"
Class Enrl Cap:,25,Class Enrl Tot:,0,Class Wait Cap:,0,Class Wait Tot:,0,Class Min Enrl:,0
Room Characteristics:,Lab - Computer(1)
Combined Section ID:,1870(COMP 383-001/COMP 488-383), -,COMP 383(#5989)
,
Computational Biology



Prerequisites: COMP 271 and COMP 381 (Equivalencies: BIOI/BIOL 388)



This course presents an algorithmic focus to problems in computational biology. It is built on earlier courses on algorithms and bioinformatics.   Problems
"and solutions covered in this course include gene hunting, sequence comparison, multiple alignment, gene prediction, trees and sequences, databases, and"
rapid sequence analysis.  



"Outcome: Students will learn, in detail, foundational methods and algorithms in bioinformatics."
____________________________________________________________________________________________________________________________________________________________,
COMP, 490,001,2059,Independent Project,Supervision,1 - 6,,
,,,,,,(In person)
Bldg:,TBA,Room:,TBA,Days:,TBA,Time:,TBA,Instructor:,Staff
Class Enrl Cap:,20,Class Enrl Tot:,0,Class Wait Cap:,0,Class Wait Tot:,0,Class Min Enrl:,0
Room Characteristics:,Classroom Not Needed(1)
,,,,
Department Consent Required.
____________________________________________________________________________________________________________________________________________________________,
COMP, 490,002,2060,Independent Project,Supervision,1 - 6,,
,,,,,,(In person)
Bldg:,TBA,Room:,TBA,Days:,TBA,Time:,TBA,Instructor:,Staff
Class Enrl Cap:,20,Class Enrl Tot:,0,Class Wait Cap:,0,Class Wait Tot:,0,Class Min Enrl:,0
Room Characteristics:,Classroom Not Needed(1)
,,,,
Department Consent Required.
____________________________________________________________________________________________________________________________________________________________,
COMP, 490,003,2061,Independent Project,Supervision,1 - 6,,
,,,,,,(In person)
Bldg:,TBA,Room:,TBA,Days:,TBA,Time:,TBA,Instructor:,Staff
Class Enrl Cap:,20,Class Enrl Tot:,0,Class Wait Cap:,0,Class Wait Tot:,0,Class Min Enrl:,0
Room Characteristics:,Classroom Not Needed(1)
,,,,
Department Consent Required.
____________________________________________________________________________________________________________________________________________________________,
,,,,,,,,
Report ID:  SR201,Loyola University Chicago,Page No.,18,of,31
Schedule of Classes for Spring 2019,Run Date:,10/15/2018
Campus: Lake Shore Campus   Location: Lake Shore Campus,Run Time:,15:09:01
Regular Academic Session
College of Arts and Sciences - Computer Science - Subject: Computer Science

____________________________________________________________________________________________________________________________________________________________,Subject,Catalog Nbr,Section,Class Nbr,Course Title,Component,Units,Topics
COMP, 490,004,2062,Independent Project,Supervision,1 - 6,,
,,,,,,(In person)
Bldg:,TBA,Room:,TBA,Days:,TBA,Time:,TBA,Instructor:,Staff
Class Enrl Cap:,20,Class Enrl Tot:,0,Class Wait Cap:,0,Class Wait Tot:,0,Class Min Enrl:,0
Room Characteristics:,Classroom Not Needed(1)
,,,,
Department Consent Required.
____________________________________________________________________________________________________________________________________________________________,
COMP, 490,005,2063,Independent Project,Supervision,1 - 6,,
,,,,,,(In person)
Bldg:,TBA,Room:,TBA,Days:,TBA,Time:,TBA,Instructor:,Staff
Class Enrl Cap:,20,Class Enrl Tot:,0,Class Wait Cap:,0,Class Wait Tot:,0,Class Min Enrl:,0
Room Characteristics:,Classroom Not Needed(1)
,,,,
Department Consent Required.
____________________________________________________________________________________________________________________________________________________________,
COMP, 490,006,2064,Independent Project,Supervision,1 - 6,,
,,,,,,(In person)
Bldg:,TBA,Room:,TBA,Days:,TBA,Time:,TBA,Instructor:,Staff
Class Enrl Cap:,20,Class Enrl Tot:,0,Class Wait Cap:,0,Class Wait Tot:,0,Class Min Enrl:,0
Room Characteristics:,Classroom Not Needed(1)
,,,,
Department Consent Required.
____________________________________________________________________________________________________________________________________________________________,
COMP, 490,007,2065,Independent Project,Supervision,1 - 6,,
,,,,,,(In person)
Bldg:,TBA,Room:,TBA,Days:,TBA,Time:,TBA,Instructor:,Staff
Class Enrl Cap:,20,Class Enrl Tot:,0,Class Wait Cap:,0,Class Wait Tot:,0,Class Min Enrl:,0
Room Characteristics:,Classroom Not Needed(1)
,,,,
Department Consent Required.
____________________________________________________________________________________________________________________________________________________________,
COMP, 490,008,2104,Independent Project,Supervision,1 - 6,,
,,,,,,(In person)
Bldg:,TBA,Room:,TBA,Days:,TBA,Time:,TBA,Instructor:,Staff
Class Enrl Cap:,20,Class Enrl Tot:,0,Class Wait Cap:,0,Class Wait Tot:,0,Class Min Enrl:,0
Room Characteristics:,Classroom Not Needed(1)
,,,,
Department Consent Required.
____________________________________________________________________________________________________________________________________________________________,
,,,,,,,,
Report ID:  SR201,Loyola University Chicago,Page No.,19,of,31
Schedule of Classes for Spring 2019,Run Date:,10/15/2018
Campus: Lake Shore Campus   Location: Lake Shore Campus,Run Time:,15:09:01
Regular Academic Session
College of Arts and Sciences - Computer Science - Subject: Computer Science

____________________________________________________________________________________________________________________________________________________________,Subject,Catalog Nbr,Section,Class Nbr,Course Title,Component,Units,Topics
COMP, 490,009,2989,Independent Project,Supervision,1 - 6,,
,,,,,,(In person)
Bldg:,TBA,Room:,TBA,Days:,TBA,Time:,TBA,Instructor:,Staff
Class Enrl Cap:,20,Class Enrl Tot:,0,Class Wait Cap:,0,Class Wait Tot:,0,Class Min Enrl:,0
Room Characteristics:,Classroom Not Needed(1)
,,,,
Department Consent Required.
____________________________________________________________________________________________________________________________________________________________,
COMP, 490,010,3199,Independent Project,Supervision,1 - 6,,
,,,,,,(In person)
Bldg:,TBA,Room:,TBA,Days:,TBA,Time:,TBA,Instructor:,Staff
Class Enrl Cap:,20,Class Enrl Tot:,0,Class Wait Cap:,0,Class Wait Tot:,0,Class Min Enrl:,0
Room Characteristics:,Classroom Not Needed(1)
,,,,
Department Consent Required.
____________________________________________________________________________________________________________________________________________________________,
COMP, 490,011,3649,Independent Project,Supervision,1 - 6,,
,,,,,,(In person)
Bldg:,TBA,Room:,TBA,Days:,TBA,Time:,TBA,Instructor:,Staff
Class Enrl Cap:,20,Class Enrl Tot:,0,Class Wait Cap:,0,Class Wait Tot:,0,Class Min Enrl:,0
Room Characteristics:,Classroom Not Needed(1)
,,,,
Department Consent Required.
____________________________________________________________________________________________________________________________________________________________,
COMP, 490,012,3650,Independent Project,Supervision,1 - 6,,
,,,,,,(In person)
Bldg:,TBA,Room:,TBA,Days:,TBA,Time:,TBA,Instructor:,Staff
Class Enrl Cap:,20,Class Enrl Tot:,0,Class Wait Cap:,0,Class Wait Tot:,0,Class Min Enrl:,0
Room Characteristics:,Classroom Not Needed(1)
,,,,
Department Consent Required.
____________________________________________________________________________________________________________________________________________________________,
COMP, 490,013,3652,Independent Project,Supervision,1 - 6,,
,,,,,,(In person)
Bldg:,TBA,Room:,TBA,Days:,TBA,Time:,TBA,Instructor:,Staff
Class Enrl Cap:,20,Class Enrl Tot:,0,Class Wait Cap:,0,Class Wait Tot:,0,Class Min Enrl:,0
Room Characteristics:,Classroom Not Needed(1)
,,,,
Department Consent required.
____________________________________________________________________________________________________________________________________________________________,
,,,,,,,,
Report ID:  SR201,Loyola University Chicago,Page No.,20,of,31
Schedule of Classes for Spring 2019,Run Date:,10/15/2018
Campus: Lake Shore Campus   Location: Lake Shore Campus,Run Time:,15:09:01
Regular Academic Session
College of Arts and Sciences - Computer Science - Subject: Computer Science

____________________________________________________________________________________________________________________________________________________________,Subject,Catalog Nbr,Section,Class Nbr,Course Title,Component,Units,Topics
COMP, 490,014,3786,Independent Project,Supervision,1 - 6,,
,,,,,,(In person)
Bldg:,TBA,Room:,TBA,Days:,TBA,Time:,TBA,Instructor:,Staff
Class Enrl Cap:,20,Class Enrl Tot:,0,Class Wait Cap:,0,Class Wait Tot:,0,Class Min Enrl:,0
Room Characteristics:,Classroom Not Needed(1)
,,,,
Department Consent required.
____________________________________________________________________________________________________________________________________________________________,
COMP, 490,015,5156,Independent Project,Supervision,1 - 6,,
,,,,,,(In person)
Bldg:,TBA,Room:,TBA,Days:,TBA,Time:,TBA,Instructor:,Staff
Class Enrl Cap:,20,Class Enrl Tot:,0,Class Wait Cap:,0,Class Wait Tot:,0,Class Min Enrl:,0
Room Characteristics:,Classroom Not Needed(1)
,,,,
Department Consent required.
____________________________________________________________________________________________________________________________________________________________,
COMP, 490,016,6383,Independent Project,Supervision,1 - 6,,
,,,,,,(In person)
Bldg:,TBA,Room:,TBA,Days:,TBA,Time:,TBA,Instructor:
Class Enrl Cap:,20,Class Enrl Tot:,0,Class Wait Cap:,0,Class Wait Tot:,0,Class Min Enrl:,0
Room Characteristics:,Classroom Not Needed(1)
,,,,
Department Consent required.
____________________________________________________________________________________________________________________________________________________________,
COMP, 490,017,6384,Independent Project,Supervision,1 - 6,,
,,,,,,(In person)
Bldg:,TBA,Room:,TBA,Days:,TBA,Time:,TBA,Instructor:
Class Enrl Cap:,20,Class Enrl Tot:,0,Class Wait Cap:,0,Class Wait Tot:,0,Class Min Enrl:,0
Room Characteristics:,Classroom Not Needed(1)
,,,,
Department Consent required.
____________________________________________________________________________________________________________________________________________________________,
COMP, 499,001,2066,Internship,Independent Study,1 - 6,,
,,,,,,(In person)
Bldg:,TBA,Room:,TBA,Days:,TBA,Time:,TBA,Instructor:,Staff
Class Enrl Cap:,20,Class Enrl Tot:,0,Class Wait Cap:,0,Class Wait Tot:,0,Class Min Enrl:,0
Room Characteristics:,Classroom Not Needed(1)
,,,,
This course involves an internship experience.  Department Consent Required.
____________________________________________________________________________________________________________________________________________________________,
,,,,,,,,
Report ID:  SR201,Loyola University Chicago,Page No.,21,of,31
Schedule of Classes for Spring 2019,Run Date:,10/15/2018
Campus: Lake Shore Campus   Location: Lake Shore Campus,Run Time:,15:09:01
Regular Academic Session
College of Arts and Sciences - Computer Science - Subject: Computer Science

____________________________________________________________________________________________________________________________________________________________,Subject,Catalog Nbr,Section,Class Nbr,Course Title,Component,Units,Topics
COMP, 605,001,2449,Master of Science Study,FTC-Supervision,0,,
,,,,,,(In person)
Bldg:,TBA,Room:,TBA,Days:,TBA,Time:,TBA,Instructor:,Staff
Class Enrl Cap:,20,Class Enrl Tot:,0,Class Wait Cap:,0,Class Wait Tot:,0,Class Min Enrl:,0
Room Characteristics:,Classroom Not Needed(1)
,,,,
Department Consent Required.
____________________________________________________________________________________________________________________________________________________________,
,,,,,,,,
Report ID:  SR201,Loyola University Chicago,Page No.,22,of,31
Schedule of Classes for Spring 2019,Run Date:,10/15/2018
Campus: Lake Shore Campus   Location: Lake Shore Campus,Run Time:,15:09:01
Seven Week - First
College of Arts and Sciences - Computer Science - Subject: Computer Science

____________________________________________________________________________________________________________________________________________________________,Subject,Catalog Nbr,Section,Class Nbr,Course Title,Component,Units,Topics
COMP, 170,400,6112,Intro Obj-Oriented Prog,Lecture,3,,
,,,,,,(In person)
Bldg:,Cuneo Hall,Room:,318,Days:,M,Time:,04:15PM-08:15,Instructor:,"Harrington,Andrew N"
Bldg:,Cuneo Hall,Room:,318,Days:,W,Time:,04:15PM-06:30,Instructor:,"Harrington,Andrew N"
Bldg:,Cuneo Hall,Room:,318,Days:,F,Time:,04:15PM-08:15,Instructor:,"Harrington,Andrew N"
Bldg:,Cuneo Hall,Room:,318,Days:,F,Time:,04:15PM-08:15,Instructor:,"Harrington,Andrew N"
Class Enrl Cap:,15,Class Enrl Tot:,0,Class Wait Cap:,0,Class Wait Tot:,0,Class Min Enrl:,0
Attributes:,Bioinformatics
Class Equivalents:,COMP170/ISOM/INFS370
Room Characteristics:,Electronic Classroom(1)
,,,,
Foundations of Computer Science I.  Seven Week-First Session.



"This section is restricted to students with undergraduate degrees.  Department Consent is required, and then a Computer Science Department staff member will"
enroll you.



"FIRST CLASS EARLY:  Friday before other classes start: Friday, January 11th!  Lectures meet from 4:15 pm - 8:15 pm on the following days: Friday, January"
"11th; Friday, January 18th; Friday, January 25th; Monday, January 28th; Monday, February 4th; Monday, February 11th; Monday, February 18th; and Monday,"
February 25th.



"Labs meet on consecutive Wednesdays, 4:15 pm - 6:30 pm: Wednesday, January 16th through Wednesday, February 27th."
____________________________________________________________________________________________________________________________________________________________,,,,,,,
,,,,,,,,
Report ID:  SR201,Loyola University Chicago,Page No.,23,of,31
Schedule of Classes for Spring 2019,Run Date:,10/15/2018
Campus: Lake Shore Campus   Location: Lake Shore Campus,Run Time:,15:09:01
Eight Week - Second
College of Arts and Sciences - Computer Science - Subject: Computer Science

____________________________________________________________________________________________________________________________________________________________,Subject,Catalog Nbr,Section,Class Nbr,Course Title,Component,Units,Topics
COMP, 271,400,4288,Data Structs and Apps,Lecture,3,,
,,,,,,(In person)
Bldg:,Cuneo Hall,Room:,318,Days:,M,Time:,04:15PM-08:15,Instructor:,"Dordal,Peter L"
Bldg:,Cuneo Hall,Room:,318,Days:,W,Time:,04:15PM-06:30,Instructor:,"Dordal,Peter L"
Class Enrl Cap:,14,Class Enrl Tot:,0,Class Wait Cap:,0,Class Wait Tot:,0,Class Min Enrl:,0
Attributes:,Bioinformatics
Room Characteristics:,Electronic Classroom(1)
,,,,
Foundations of Computer Science II.  Eight Week-Second Session.



"This section is restricted to students with undergraduate degrees.  Department Consent required, and then a Computer Science Department staff member will"
enroll you.



"Mondays, 4:15 pm - 8:15 pm:  March 11, March 18, March 25, April 1, April 8, April 15, April 22, April 29.
"


"Labs meet on Wednesdays, 4:15 pm - 6:30 pm:  March 13, March 20, March 27, April 3, April 10, April 17, April 24, May 1."
____________________________________________________________________________________________________________________________________________________________,
,,,,,,,,
Report ID:  SR201,Loyola University Chicago,Page No.,24,of,31
Schedule of Classes for Spring 2019,Run Date:,10/15/2018
Campus: Online Campus   Location: Online Campus,Run Time:,15:09:01
Regular Academic Session
College of Arts and Sciences - Computer Science - Subject: Computer Science

____________________________________________________________________________________________________________________________________________________________,Subject,Catalog Nbr,Section,Class Nbr,Course Title,Component,Units,Topics
COMP, 125,003,6110,Visual Information Processing,Laboratory,3,,
,,,,,,(Online)
Bldg:,TBA,Room:,TBA,Days:,TBA,Time:,TBA,Instructor:,"Wetzel,David"
Class Enrl Cap:,24,Class Enrl Tot:,0,Class Wait Cap:,0,Class Wait Tot:,0,Class Min Enrl:,0
Attributes:,Quantitative Knowledge
Room Characteristics:,Classroom Not Needed(1)
,,,,
"This is an online, completely asynchronous class, with the option of Zoom meetings by appointment."
____________________________________________________________________________________________________________________________________________________________,
COMP, 300,002,6002,Data Warehouse & Mining,Lecture,3,,
,,,,,,(Online)
Bldg:,TBA,Room:,TBA,Days:,TBA,Time:,TBA,Instructor:,"Naiman,Channah"
Class Enrl Cap:,25,Class Enrl Tot:,0,Class Wait Cap:,0,Class Wait Tot:,0,Class Min Enrl:,0
Room Characteristics:,Classroom Not Needed(1)
,,,,
"This class is a totally online, asynchronous course.  Exams may be synchronous and in person."
____________________________________________________________________________________________________________________________________________________________,
COMP, 317,001,4086,SocialLegal&EthicIssuComp,Lecture,3,,
,,,,,,(Online)
Bldg:,TBA,Room:,TBA,Days:,TBA,Time:,TBA,Instructor:,"Butcher,Matthew Paul"
Class Enrl Cap:,35,Class Enrl Tot:,0,Class Wait Cap:,0,Class Wait Tot:,0,Class Min Enrl:,0
Attributes:,Sociolegal Studies
Room Characteristics:,Classroom Not Needed(1)
,,,,
This is an online class.  All lectures will be pre-recorded.  Students are asked to attend smaller-group online interactive discussions at regular intervals
"during the semester, with possible times chosen to fit different groups' schedules."
____________________________________________________________________________________________________________________________________________________________,
COMP, 340,001,5966,Computer Forensics,Lecture,3,,
,,,,,,(Online)
Bldg:,TBA,Room:,TBA,Days:,Tu,Time:,07:00PM-09:30,Instructor:,"Yarrish,Thomas"
Class Enrl Cap:,35,Class Enrl Tot:,0,Class Wait Cap:,0,Class Wait Tot:,0,Class Min Enrl:,0
Room Characteristics:,Classroom Not Needed(1)
,,,,
"This is an online, synchronous class.  Synchronous meeting time:  Tuesdays, 7:00 pm - 9:30 pm.  Combined with COMP 488-340."
____________________________________________________________________________________________________________________________________________________________,
COMP, 348,002,5978,Network Security,Lecture,3,,
,,,,,,(Online)
Bldg:,TBA,Room:,TBA,Days:,TBA,Time:,TBA,Instructor:,"Schmitz,Corby"
Class Enrl Cap:,25,Class Enrl Tot:,0,Class Wait Cap:,0,Class Wait Tot:,0,Class Min Enrl:,0
Room Characteristics:,Classroom Not Needed(1)
,,,,
"This is an online class.  The classroom session will be broadcast live on Friday evenings via AdobeConnect, allowing online student interaction.  Sessions"
will also be recorded and made available.  Students may participate synchronously or asynchronously at their discretion.  Combined with COMP 448-002.
____________________________________________________________________________________________________________________________________________________________,,
COMP, 390,01E,5990,Broadening Particip STEM,Lecture,1 - 3,,
,,,,,,(Online)
Bldg:,TBA,Room:,TBA,Days:,TBA,Time:,TBA,Instructor:,"Greenberg,Ronald I"
Class Enrl Cap:,30,Class Enrl Tot:,0,Class Wait Cap:,0,Class Wait Tot:,0,Class Min Enrl:,0
Attributes:,Engaged Learning
Room Characteristics:,Classroom Not Needed(1)
,,,,
"Broadening Participation in STEM (Computing, Mathematics, and Science).
"


"This class is online and fully asynchronous, but students must complete service learning activities in-person at a site of their choosing to be approved by"
the instructor in accord with the course design.  To complete the full course (incorporating at least 25 hours of service and other requirements) in one
"semester, register for 3 credits; to spread over two semesters, register for 1 or 2 credits in the first semester (requiring 6 or 14 service hours in the"
"first semester, respectively).
"


This class satisfies the Engaged Learning requirement in the Service Learning category.
____________________________________________________________________________________________________________________________________________________________,
COMP, 391,02E,4287,Internship in CS,Field Studies,1 - 6,,
,,,,,,(Online)
Bldg:,TBA,Room:,TBA,Days:,TBA,Time:,TBA,Instructor:,"Yacobellis,Robert"
Class Enrl Cap:,20,Class Enrl Tot:,0,Class Wait Cap:,0,Class Wait Tot:,0,Class Min Enrl:,0
Attributes:,Engaged Learning
Room Characteristics:,Classroom Not Needed(1)
,,,,
This is an online class.  This class satisfies the Engaged Learning requirement in the Internship category.  Department Consent required.
____________________________________________________________________________________________________________________________________________________________,
COMP, 400,002,5993,Data Mining,Lecture,3,,
,,,,,,(Online)
Bldg:,TBA,Room:,TBA,Days:,TBA,Time:,TBA,Instructor:,"Naiman,Channah"
Class Enrl Cap:,25,Class Enrl Tot:,0,Class Wait Cap:,0,Class Wait Tot:,0,Class Min Enrl:,0
Room Characteristics:,Classroom Not Needed(1)
,,,,
"This class is a totally online, asynchronous course.  Exams may be synchronous and in person."
____________________________________________________________________________________________________________________________________________________________,
COMP, 448,002,5980,Network Security,Lecture,3,,
,,,,,,(Online)
Bldg:,TBA,Room:,TBA,Days:,TBA,Time:,TBA,Instructor:,"Schmitz,Corby"
Class Enrl Cap:,25,Class Enrl Tot:,0,Class Wait Cap:,0,Class Wait Tot:,0,Class Min Enrl:,0
Room Characteristics:,Classroom Not Needed(1)
,,,,
"This is an online class.  The classroom session will be broadcast live on Friday evenings via AdobeConnect, allowing online student interaction.  Sessions"
will also be recorded and made available.  Students may participate synchronously or asynchronously at their discretion.  Combined with COMP 348-002.
____________________________________________________________________________________________________________________________________________________________,,
COMP, 474,001,3185,Software Engineering,Lecture,3,,
,,,,,,(Online)
Bldg:,TBA,Room:,TBA,Days:,W,Time:,07:00PM-09:30,Instructor:,"Stone,Christopher"
Class Enrl Cap:,35,Class Enrl Tot:,0,Class Wait Cap:,0,Class Wait Tot:,0,Class Min Enrl:,0
Room Characteristics:,Classroom Not Needed(1)
,,,,
"This is an online class.  Synchronous meeting time:  Wednesday, 7:00 pm - 9:30 pm."
____________________________________________________________________________________________________________________________________________________________,
COMP, 488,340,5967,Top:,Lecture,3,Comp Forensics Investigations,
,,,,,,(Online)
Bldg:,TBA,Room:,TBA,Days:,Tu,Time:,07:00PM-09:30,Instructor:,"Yarrish,Thomas"
Class Enrl Cap:,35,Class Enrl Tot:,0,Class Wait Cap:,0,Class Wait Tot:,0,Class Min Enrl:,0
Room Characteristics:,Classroom Not Needed(1)
,,,,
"Computer Forensics.  This is an online, synchronous class.  Synchronous meeting time:  Tuesdays, 7:00 pm - 9:30 pm.  Combined with COMP 340-001.
"


Prerequisite: (COMP 150 or COMP 170 or COMP/MATH 215) and (COMP 264 or COMP 317 or COMP 343)



"The course introduces the fundamentals of computer/network/internet forensics, analysis and investigations.
"


"Outcome: The student will learn computer software and hardware relevant for analysis, and investigative and evidence-gathering protocols."
____________________________________________________________________________________________________________________________________________________________,
COMP, 499,002,5157,Internship,Independent Study,1 - 6,,
,,,,,,(Online)
Bldg:,TBA,Room:,TBA,Days:,TBA,Time:,TBA,Instructor:,Staff
Class Enrl Cap:,20,Class Enrl Tot:,0,Class Wait Cap:,0,Class Wait Tot:,0,Class Min Enrl:,0
Room Characteristics:,Classroom Not Needed(1)
,,,,
This is an online class.  This course involves an internship experience.  Department Consent Required.
____________________________________________________________________________________________________________________________________________________________,
,,,,,,,,
Report ID:  SR201,Loyola University Chicago,Page No.,27,of,31
Schedule of Classes for Spring 2019,Run Date:,10/15/2018
Campus: Online Campus   Location: Online Campus,Run Time:,15:09:01
Eight Week - First
College of Arts and Sciences - Computer Science - Subject: Computer Science

____________________________________________________________________________________________________________________________________________________________,Subject,Catalog Nbr,Section,Class Nbr,Course Title,Component,Units,Topics
COMP, 170,700N,5037,Intro Obj-Oriented Prog,Lecture,3,,
,,,,,,(Online)
Bldg:,TBA,Room:,TBA,Days:,Tu,Time:,06:00PM-09:00,Instructor:,"Das,Udayan"
Class Enrl Cap:,25,Class Enrl Tot:,0,Class Wait Cap:,0,Class Wait Tot:,0,Class Min Enrl:,0
Attributes:,Bioinformatics
Class Equivalents:,COMP170/ISOM/INFS370
Room Characteristics:,Classroom Not Needed(1)
,,,,
COMP 170-700N is reserved for students in the School of Continuing & Professional Studies. For more information go to
http://www.luc.edu/adult-education/admission/nonscps-enrollment/
COMP 170-700N is an online section. Required synchronous sessions will be held Tuesdays 6-9PM CST
____________________________________________________________________________________________________________________________________________________________,
,,,,,,,,
Report ID:  SR201,Loyola University Chicago,Page No.,28,of,31
Schedule of Classes for Spring 2019,Run Date:,10/15/2018
Campus: Online Campus   Location: Online Campus,Run Time:,15:09:01
Eight Week - Second
College of Arts and Sciences - Computer Science - Subject: Computer Science

____________________________________________________________________________________________________________________________________________________________,Subject,Catalog Nbr,Section,Class Nbr,Course Title,Component,Units,Topics
COMP, 271,700N,4253,Data Structs and Apps,Lecture,3,,
,,,,,,(Online)
Bldg:,TBA,Room:,TBA,Days:,Th,Time:,06:00PM-09:00,Instructor:,"Das,Udayan"
Bldg:,TBA,Room:,TBA,Days:,F,Time:,06:00PM-09:00,Instructor:,"Das,Udayan"
Class Enrl Cap:,25,Class Enrl Tot:,0,Class Wait Cap:,0,Class Wait Tot:,0,Class Min Enrl:,0
Attributes:,Bioinformatics
Room Characteristics:,Classroom Not Needed(1)
,,,,
COMP 271-700N is an online section. Required synchronous sessions will be held Thursdays 6-9PM CST and one session Friday 4/12 for holiday make-up class.
COMP 271-700N is reserved for students in the School of Continuing & Professional Studies. For more information go to
http://www.luc.edu/adult-education/admission/nonscps-enrollment/
____________________________________________________________________________________________________________________________________________________________,
COMP, 317,700N,4270,SocialLegal&EthicIssuComp,Lecture,3,,
,,,,,,(Online)
Bldg:,TBA,Room:,TBA,Days:,W,Time:,06:00PM-09:00,Instructor:,"Montes,Bruce A"
Class Enrl Cap:,25,Class Enrl Tot:,0,Class Wait Cap:,0,Class Wait Tot:,0,Class Min Enrl:,0
Attributes:,Sociolegal Studies
Room Characteristics:,Classroom Not Needed(1)
,,,,
COMP 317-700N is reserved for students in the School of Continuing & Professional Studies. For more information go to
http://www.luc.edu/adult-education/admission/nonscps-enrollment/
____________________________________________________________________________________________________________________________________________________________,
,,,,,,,,
Report ID:  SR201,Loyola University Chicago,Page No.,29,of,31
Schedule of Classes for Spring 2019,Run Date:,10/15/2018
Campus: Water Tower Campus   Location: Water Tower Campus,Run Time:,15:09:01
Regular Academic Session
College of Arts and Sciences - Computer Science - Subject: Computer Science

____________________________________________________________________________________________________________________________________________________________,Subject,Catalog Nbr,Section,Class Nbr,Course Title,Component,Units,Topics
COMP, 300,001,6000,Data Warehouse & Mining,Lecture,3,,
,,,,,,(In person)
Bldg:,Corboy Law Center,Room:,L08,Days:,W,Time:,04:15PM-06:45,Instructor:,"Naiman,Channah"
Class Enrl Cap:,30,Class Enrl Tot:,0,Class Wait Cap:,0,Class Wait Tot:,0,Class Min Enrl:,0
Room Characteristics:,Electronic Classroom(1)
____________________________________________________________________________________________________________________________________________________________,
COMP, 305,001,5961,Database Administration,Lecture,3,,
,,,,,,(Blended)
Bldg:,Corboy Law Center,Room:,0301,Days:,Tu,Time:,04:15PM-06:45,Instructor:,"Hasso,Sargon"
Class Enrl Cap:,30,Class Enrl Tot:,0,Class Wait Cap:,0,Class Wait Tot:,0,Class Min Enrl:,0
Room Characteristics:,Electronic Classroom(1)
,,,,
This is a blended class.  More details will be forthcoming.  Combined with COMP 488-305.
____________________________________________________________________________________________________________________________________________________________,
COMP, 341,001,6005,Human-Computer Interaction,Lecture,3,,
,,,,,,(In person)
Bldg:,Corboy Law Center,Room:,0105,Days:,W,Time:,07:00PM-09:30,Instructor:,"Hayward,Nicholas J"
Class Enrl Cap:,30,Class Enrl Tot:,0,Class Wait Cap:,0,Class Wait Tot:,0,Class Min Enrl:,0
Room Characteristics:,Electronic Classroom(1)
____________________________________________________________________________________________________________________________________________________________,
COMP, 348,001,5977,Network Security,Lecture,3,,
,,,,,,(In person)
Bldg:,Corboy Law Center,Room:,0105,Days:,F,Time:,05:45PM-08:15,Instructor:,"Schmitz,Corby"
Class Enrl Cap:,30,Class Enrl Tot:,0,Class Wait Cap:,0,Class Wait Tot:,0,Class Min Enrl:,0
Room Characteristics:,Electronic Classroom(1)
____________________________________________________________________________________________________________________________________________________________,
COMP, 370,001,5970,Software Quality & Testing,Lecture,3,,
,,,,,,(In person)
Bldg:,Corboy Law Center,Room:,0602,Days:,F,Time:,02:45PM-05:15,Instructor:,"Weisert,Conrad"
Class Enrl Cap:,30,Class Enrl Tot:,0,Class Wait Cap:,0,Class Wait Tot:,0,Class Min Enrl:,0
Room Characteristics:,Electronic Classroom(1)
____________________________________________________________________________________________________________________________________________________________,
COMP, 373,001,5972,ObjectsFramewrks&Patterns,Lecture,3,,
,,,,,,(In person)
Bldg:,Corboy Law Center,Room:,0305,Days:,M,Time:,07:00PM-09:30,Instructor:,"Zewdie,Berhane"
Class Enrl Cap:,35,Class Enrl Tot:,0,Class Wait Cap:,0,Class Wait Tot:,0,Class Min Enrl:,0
Room Characteristics:,Electronic Classroom(1)
____________________________________________________________________________________________________________________________________________________________,
,,,,,,,,
Report ID:  SR201,Loyola University Chicago,Page No.,30,of,31
Schedule of Classes for Spring 2019,Run Date:,10/15/2018
Campus: Water Tower Campus   Location: Water Tower Campus,Run Time:,15:09:01
Regular Academic Session
College of Arts and Sciences - Computer Science - Subject: Computer Science

____________________________________________________________________________________________________________________________________________________________,Subject,Catalog Nbr,Section,Class Nbr,Course Title,Component,Units,Topics
COMP, 400,001,5992,Data Mining,Lecture,3,,
,,,,,,(In person)
Bldg:,Corboy Law Center,Room:,L09,Days:,W,Time:,04:15PM-06:45,Instructor:,"Naiman,Channah"
Class Enrl Cap:,30,Class Enrl Tot:,0,Class Wait Cap:,0,Class Wait Tot:,0,Class Min Enrl:,0
Room Characteristics:,Electronic Classroom(1)
____________________________________________________________________________________________________________________________________________________________,
COMP, 441,001,6007,Human-Computer Interaction,Lecture,3,,
,,,,,,(In person)
Bldg:,Maguire Hall,Room:,240,Days:,W,Time:,07:00PM-09:30,Instructor:,"Hayward,Nicholas J"
Class Enrl Cap:,30,Class Enrl Tot:,0,Class Wait Cap:,0,Class Wait Tot:,0,Class Min Enrl:,0
Room Characteristics:,Electronic Classroom(1)
____________________________________________________________________________________________________________________________________________________________,
COMP, 448,001,5979,Network Security,Lecture,3,,
,,,,,,(In person)
Bldg:,Corboy Law Center,Room:,0301,Days:,F,Time:,05:45PM-08:15,Instructor:,"Schmitz,Corby"
Class Enrl Cap:,30,Class Enrl Tot:,0,Class Wait Cap:,0,Class Wait Tot:,0,Class Min Enrl:,0
Room Characteristics:,Electronic Classroom(1)
____________________________________________________________________________________________________________________________________________________________,
COMP, 473,001,5973,Adv. Object Oriented Prog.,Lecture,3,,
,,,,,,(In person)
Bldg:,Corboy Law Center,Room:,0602,Days:,M,Time:,07:00PM-09:30,Instructor:,"Zewdie,Berhane"
Class Enrl Cap:,35,Class Enrl Tot:,0,Class Wait Cap:,0,Class Wait Tot:,0,Class Min Enrl:,0
Room Characteristics:,Electronic Classroom(1)
____________________________________________________________________________________________________________________________________________________________,
COMP, 488,305,5975,Top:,Lecture,3,Database Administration,
,,,,,,(Blended)
Bldg:,Corboy Law Center,Room:,0421,Days:,Tu,Time:,04:15PM-06:45,Instructor:,"Hasso,Sargon"
Class Enrl Cap:,30,Class Enrl Tot:,0,Class Wait Cap:,0,Class Wait Tot:,0,Class Min Enrl:,0
Room Characteristics:,Electronic Classroom(1)
,,,,
Database Administration



This is a blended class.  More details will be forthcoming.



Prerequisites:  Comp 251 or Comp 271 



"Business and scientific institutions increasingly use large commercial data base systems.  This course teaches the theory and practice for the definition,"
"security, backup, tuning, and recovery of these systems. 
"


Outcome:  Students will be able to use theory and pragmatic approaches to define and implement realistic solutions for large database administration
____________________________________________________________________________________________________________________________________________________________,
,,,,,,,,
Report ID:  SR201,Loyola University Chicago,Page No.,31,of,31
Schedule of Classes for Spring 2019,Run Date:,10/15/2018
Campus: Water Tower Campus   Location: Water Tower Campus,Run Time:,15:09:01
Regular Academic Session
College of Arts and Sciences - Computer Science - Subject: Computer Science

____________________________________________________________________________________________________________________________________________________________,Subject,Catalog Nbr,Section,Class Nbr,Course Title,Component,Units,Topics
COMP, 488,370,5971,Top:,Lecture,3,Software Quality & Testing,
,,,,,,(In person)
Bldg:,Corboy Law Center,Room:,0302,Days:,F,Time:,02:45PM-05:15,Instructor:,"Weisert,Conrad"
Class Enrl Cap:,30,Class Enrl Tot:,0,Class Wait Cap:,0,Class Wait Tot:,0,Class Min Enrl:,0
Room Characteristics:,Electronic Classroom(1)
,,,,
Software Quality & Testing



Prerequisite: Comp 271. 



"The course teaches software testing and quality control concepts, principles, and techniques including black box and white box testing, coverage testing,"
"test case development, and regression testing. 
"


"Outcome: Students will learn how to prevent errors, how to get 'bugs' out of software, and be able to apply this knowledge in other courses and projects."
____________________________________________________________________________________________________________________________________________________________,
COMP, 488,472,5965,Top:,Lecture,3,Organizational Change & Dev.,
,,,,,,(In person)
Bldg:,Maguire Hall,Room:,330,Days:,Tu,Time:,07:00PM-09:30,Instructor:,"Bevente,Guy"
Class Enrl Cap:,35,Class Enrl Tot:,0,Class Wait Cap:,0,Class Wait Tot:,0,Class Min Enrl:,0
Room Characteristics:,Electronic Classroom(1)
,,,,
Organizational Change & Development
____________________________________________________________________________________________________________________________________________________________,
,,,,,,,,
