"125-002","Nguyen","Spring 2021","`125-002 Nguyen <https://drive.google.com/open?id=12f-KVOk1sGt1Ed71f9jGna-NzdDVlZTa>`_"
"141-001","Thiruvathukal","Spring 2021","`141-001 Thiruvathukal <https://drive.google.com/open?id=1eRQnS9lSGnAY_3d04Ridwh2rx4aguUnR>`_"
"141-002","Li","Spring 2021","`141-002 Li <https://drive.google.com/open?id=1eRQnS9lSGnAY_3d04Ridwh2rx4aguUnR>`_"
"141-003","Irakliotis","Spring 2021","`141-003 Irakliotis <https://drive.google.com/open?id=1eRQnS9lSGnAY_3d04Ridwh2rx4aguUnR>`_"
"150-004","Nguyen","Spring 2021","`150-004 Nguyen <https://drive.google.com/open?id=1fNMI3XPyVi8J_mOprZT4WFRRXkL53CsD>`_"
"163-003","Li","Spring 2021","`163-003 Li <https://drive.google.com/open?id=1G2vHajcSqadnMNeHb6vXq7L_AVOZB2L6>`_"
"170-001","Yacobellis","Spring 2021","`170-001 Yacobellis <https://drive.google.com/open?id=1Cih1QkG5YTzrUIXFAWGy-J7Gy1K5mJaq>`_"
"170-003","Yacobellis","Spring 2021","`170-003 Yacobellis <https://drive.google.com/open?id=1QEkZ1UlpItQMv1tc_bOdaqIrRiRdumL6>`_"
"264-001","Ronald Greenberg","Spring 2021","`264-001 Ronald Greenberg <https://drive.google.com/open?id=1wRZEyJ1uivOuw5ptCk6dAfy8zIa1waO0>`_"
"313-001","Yacobellis","Spring 2021","`313-001 Yacobellis <https://drive.google.com/open?id=1Re1UoCJfcj6YXUEYE4yzd0I7hWcSpRzg>`_"
"340-001","Yarrish","Spring 2021","`340-001 Yarrish <https://drive.google.com/open?id=19QubEBMKn7HTBdiN7D53npQYbzYHmuiF>`_"
"390-01E","Greenberg","Spring 2021","`390-01E Greenberg <https://drive.google.com/open?id=1tKmunKIvwe777qSOBUFDcueHr8Irl6rV>`_"
"413-001","Yacobellis","Spring 2021","`413-001 Yacobellis <https://drive.google.com/open?id=1GEBXeWq77_Tf_i15NOLsL1sMbe_JiHHA>`_"
"440-001","Yarrish","Spring 2021","`440-001 Yarrish <https://drive.google.com/open?id=1g6ZRWaYNSEMYnPzk3vv2u_YZ1FMgz8-w>`_"
